,Abhilfe,Abweisung,Antrag_zurückgenommen,Anträge_in_Bearbeitung_zum_Jahresbeginn,Auslagen,Eingang_Erstanträge,Eingang_Klagen,Eingang_Klagen_,Eingang_Widersprüche,Eingang_Widersprüche_,Erledigungen_und_Bescheide,Erledigungen_und_Widerspruchsbescheide,Erstantrag_noch_in_Bearbeitung,Gebühr_erhoben,Höhe_der_Auslagen_(50_-_100_),Höhe_der_Auslagen_(5_-_10),Höhe_der_Auslagen_(>10),Höhe_der_Auslagen_(>_100_),Höhe_der_Auslagen_(unter_5),Höhe_der_Auslagen_(unter_50_),Höhe_der_Gebühr_(50_-_100_),Höhe_der_Gebühr_(>_100_),Höhe_der_Gebühr_(unter_50_),Informationszugang_abgelehnt,Informationszugang_gewährt,Informationszugang_teilweise_gewährt,Klageerledigungen_,Stattgabe,Teilweise_Abhilfe,Teilweise_Stattgabe,Vorschuss,Vorschuss_(0_-_50),Vorschuss_(100_-),Vorschuss_(50_-_100),W-_Gebühren_erhoben_(0_-_30),W-_Gebühren_erhoben_(30_),W-_Gebühren_erhoben_(>_30_),Widerspruch_in_Bearbeitung,Widersprüche_in_Bearbeitung_zum_Jahresbeginn,Zurückweisung,anhängig,anhängige_Klagen_zum_Jahresbeginn,gb,name,sonstige_Erledigung,sonstige_Erledigung.1,sonstige_Erledigung.2,year
0,0.0,0.0,,16.0,10.0,80.0,5.0,,4.0,,,,12.0,15.0,,,,,,,3.0,8.0,4.0,19.0,30.0,15.0,,0.0,0.0,0.0,0.0,,,,4.0,,0.0,1.0,4.0,6.0,10.0,6.0,False,BK,20.0,1.0,1.0,2013-01-01
1,0.0,0.0,,0.0,0.0,10.0,0.0,,2.0,,,,1.0,0.0,,,,,,,0.0,0.0,0.0,9.0,0.0,0.0,,0.0,0.0,0.0,0.0,,,,0.0,,0.0,1.0,1.0,2.0,0.0,0.0,True,BK,0.0,0.0,0.0,2013-01-01
3,2.0,1.0,,5.0,3.0,96.0,1.0,,4.0,,,,6.0,9.0,,,,,,,7.0,2.0,0.0,21.0,29.0,12.0,,0.0,0.0,0.0,0.0,,,,2.0,,0.0,0.0,2.0,2.0,0.0,2.0,False,BMAS,33.0,2.0,2.0,2013-01-01
4,26.0,2.0,,10.0,11.0,411.0,10.0,,55.0,,,,17.0,160.0,,,,,,,3.0,152.0,5.0,101.0,264.0,14.0,,1.0,1.0,0.0,149.0,,,,1.0,,0.0,52.0,41.0,15.0,7.0,2.0,True,BMAS,25.0,2.0,2.0,2013-01-01
6,0.0,5.0,,16.0,3.0,147.0,6.0,,7.0,,,,11.0,35.0,,,,,,,6.0,3.0,26.0,14.0,46.0,14.0,,1.0,1.0,0.0,0.0,,,,3.0,,0.0,4.0,3.0,3.0,3.0,5.0,False,AA,78.0,2.0,2.0,2013-01-01
7,0.0,0.0,,0.0,0.0,0.0,0.0,,0.0,,,,0.0,0.0,,,,,,,0.0,0.0,0.0,0.0,0.0,0.0,,0.0,0.0,0.0,0.0,,,,0.0,,0.0,0.0,0.0,0.0,0.0,0.0,True,AA,0.0,0.0,0.0,2013-01-01
9,2.0,1.0,,11.0,3.0,166.0,8.0,,32.0,,,,4.0,8.0,,,,,,,2.0,5.0,1.0,17.0,63.0,30.0,,0.0,1.0,0.0,0.0,,,,10.0,,0.0,65.0,45.0,8.0,9.0,4.0,False,BMI,63.0,1.0,2.0,2013-01-01
10,2.0,1.0,,7.0,1.0,160.0,4.0,,12.0,,,,15.0,2.0,,,,,,,0.0,1.0,1.0,44.0,46.0,21.0,,1.0,2.0,0.0,0.0,,,,5.0,,0.0,3.0,2.0,7.0,10.0,9.0,True,BMI,41.0,0.0,1.0,2013-01-01
12,0.0,2.0,,6.0,6.0,65.0,1.0,,2.0,,,,12.0,6.0,,,,,,,2.0,1.0,3.0,4.0,22.0,7.0,,0.0,0.0,0.0,1.0,,,,0.0,,0.0,2.0,3.0,2.0,1.0,3.0,False,BMJV,26.0,1.0,1.0,2013-01-01
13,0.0,0.0,,7.0,9.0,56.0,3.0,,2.0,,,,12.0,8.0,,,,,,,1.0,0.0,7.0,5.0,21.0,16.0,,0.0,0.0,0.0,3.0,,,,1.0,,0.0,0.0,1.0,2.0,3.0,1.0,True,BMJV,9.0,1.0,1.0,2013-01-01
15,0.0,1.0,,4.0,3.0,64.0,0.0,,10.0,,,,6.0,6.0,,,,,,,2.0,3.0,1.0,13.0,15.0,18.0,,0.0,1.0,0.0,0.0,,,,2.0,,0.0,6.0,1.0,1.0,1.0,3.0,False,BMF,16.0,3.0,1.0,2013-01-01
16,4.0,7.0,,52.0,144.0,1326.0,53.0,,228.0,,,,56.0,344.0,,,,,,,86.0,98.0,160.0,266.0,922.0,31.0,,0.0,0.0,0.0,5.0,,,,202.0,,0.0,10.0,16.0,207.0,1219.0,1331.0,True,BMF,103.0,23.0,158.0,2013-01-01
18,0.0,0.0,,23.0,4.0,93.0,14.0,,22.0,,,,18.0,8.0,,,,,,,4.0,3.0,1.0,41.0,39.0,15.0,,0.0,1.0,0.0,1.0,,,,5.0,,2.0,4.0,7.0,24.0,14.0,14.0,False,BMWi,3.0,0.0,14.0,2013-01-01
19,3.0,2.0,,9.0,6.0,569.0,6.0,,7.0,,,,5.0,56.0,,,,,,,7.0,7.0,42.0,36.0,478.0,45.0,,1.0,0.0,0.0,0.0,,,,3.0,,1.0,1.0,2.0,5.0,7.0,8.0,True,BMWi,14.0,0.0,4.0,2013-01-01
21,0.0,0.0,,2.0,3.0,15.0,0.0,,0.0,,,,1.0,4.0,,,,,,,0.0,2.0,2.0,0.0,12.0,1.0,,0.0,0.0,0.0,0.0,,,,0.0,,0.0,0.0,0.0,0.0,1.0,1.0,False,BMEL,3.0,0.0,0.0,2013-01-01
22,0.0,0.0,,2.0,29.0,41.0,0.0,,0.0,,,,4.0,33.0,,,,,,,15.0,11.0,7.0,1.0,34.0,1.0,,0.0,0.0,0.0,0.0,,,,1.0,,0.0,0.0,1.0,0.0,0.0,0.0,True,BMEL,3.0,1.0,0.0,2013-01-01
24,0.0,0.0,,3.0,0.0,77.0,2.0,,3.0,,,,10.0,0.0,,,,,,,0.0,0.0,0.0,9.0,46.0,11.0,,0.0,0.0,0.0,3.0,,,,2.0,,0.0,1.0,1.0,3.0,2.0,0.0,False,BMVg,4.0,0.0,0.0,2013-01-01
25,0.0,0.0,,2.0,0.0,13.0,0.0,,0.0,,,,1.0,0.0,,,,,,,0.0,0.0,0.0,7.0,5.0,0.0,,0.0,0.0,0.0,0.0,,,,0.0,,0.0,0.0,0.0,0.0,0.0,0.0,True,BMVg,2.0,0.0,0.0,2013-01-01
27,0.0,0.0,,2.0,2.0,38.0,0.0,,1.0,,,,1.0,2.0,,,,,,,1.0,1.0,0.0,2.0,19.0,2.0,,0.0,0.0,0.0,0.0,,,,1.0,,0.0,0.0,0.0,1.0,1.0,1.0,False,BMFSFJ,16.0,0.0,0.0,2013-01-01
28,0.0,0.0,,1.0,2.0,26.0,1.0,,2.0,,,,2.0,3.0,,,,,,,2.0,0.0,1.0,2.0,14.0,9.0,,0.0,0.0,0.0,0.0,,,,0.0,,1.0,0.0,0.0,2.0,4.0,3.0,True,BMFSFJ,0.0,0.0,0.0,2013-01-01
30,1.0,0.0,,4.0,0.0,28.0,0.0,,3.0,,,,2.0,1.0,,,,,,,0.0,1.0,0.0,8.0,10.0,5.0,,0.0,0.0,0.0,0.0,,,,2.0,,0.0,1.0,1.0,2.0,0.0,1.0,False,BMG,7.0,0.0,1.0,2013-01-01
31,0.0,0.0,,22.0,6.0,211.0,3.0,,6.0,,,,23.0,10.0,,,,,,,6.0,4.0,0.0,19.0,152.0,23.0,,0.0,1.0,0.0,0.0,,,,0.0,,0.0,3.0,0.0,1.0,5.0,2.0,True,BMG,16.0,1.0,0.0,2013-01-01
33,2.0,1.0,,6.0,3.0,37.0,3.0,,6.0,,,,5.0,4.0,,,,,,,1.0,2.0,1.0,13.0,10.0,10.0,,0.0,2.0,0.0,0.0,,,,2.0,,0.0,7.0,8.0,2.0,5.0,5.0,False,BMVBS,5.0,1.0,2.0,2013-01-01
34,0.0,0.0,,9.0,6.0,140.0,1.0,,7.0,,,,10.0,14.0,,,,,,,3.0,6.0,5.0,6.0,100.0,11.0,,0.0,0.0,0.0,0.0,,,,6.0,,0.0,1.0,1.0,6.0,1.0,0.0,True,BMVBS,22.0,1.0,0.0,2013-01-01
36,0.0,0.0,,0.0,0.0,3.0,0.0,,0.0,,,,0.0,0.0,,,,,,,0.0,0.0,0.0,0.0,2.0,0.0,,0.0,0.0,0.0,0.0,,,,0.0,,0.0,0.0,0.0,0.0,0.0,0.0,False,BMUB,1.0,0.0,0.0,2013-01-01
37,0.0,0.0,,2.0,0.0,18.0,0.0,,0.0,,,,2.0,0.0,,,,,,,0.0,0.0,0.0,0.0,14.0,1.0,,0.0,0.0,0.0,0.0,,,,0.0,,0.0,0.0,0.0,0.0,0.0,0.0,True,BMUB,3.0,0.0,0.0,2013-01-01
39,0.0,0.0,,2.0,1.0,40.0,0.0,,1.0,,,,5.0,2.0,,,,,,,2.0,0.0,0.0,18.0,9.0,7.0,,0.0,1.0,0.0,0.0,,,,1.0,,0.0,0.0,2.0,0.0,0.0,1.0,False,BMBF,3.0,2.0,1.0,2013-01-01
40,0.0,0.0,,0.0,0.0,0.0,0.0,,0.0,,,,0.0,0.0,,,,,,,0.0,0.0,0.0,0.0,0.0,0.0,,0.0,0.0,0.0,0.0,,,,0.0,,0.0,0.0,0.0,0.0,0.0,0.0,True,BMBF,0.0,0.0,0.0,2013-01-01
42,0.0,0.0,,0.0,3.0,10.0,0.0,,0.0,,,,1.0,3.0,,,,,,,0.0,3.0,0.0,0.0,6.0,3.0,,0.0,0.0,0.0,0.0,,,,0.0,,0.0,2.0,2.0,0.0,1.0,1.0,False,BKM,0.0,0.0,0.0,2013-01-01
43,0.0,0.0,,7.0,3.0,11.0,0.0,,1.0,,,,3.0,4.0,,,,,,,1.0,1.0,2.0,1.0,10.0,1.0,,0.0,0.0,0.0,0.0,,,,0.0,,0.0,1.0,0.0,0.0,0.0,0.0,True,BKM,3.0,0.0,0.0,2013-01-01
45,0.0,0.0,,0.0,0.0,24.0,0.0,,1.0,,,,2.0,2.0,,,,,,,1.0,0.0,1.0,0.0,21.0,0.0,,0.0,0.0,0.0,0.0,,,,0.0,,1.0,1.0,0.0,0.0,0.0,0.0,False,BMZ,1.0,0.0,0.0,2013-01-01
46,0.0,0.0,,0.0,2.0,425.0,1.0,,1.0,,,,0.0,2.0,,,,,,,0.0,0.0,2.0,1.0,0.0,424.0,,0.0,0.0,0.0,0.0,,,,1.0,,0.0,0.0,0.0,1.0,0.0,0.0,False,BPA,0.0,0.0,1.0,2013-01-01
47,0.0,0.0,,0.0,1.0,11.0,0.0,,1.0,,,,0.0,1.0,,,,,,,0.0,0.0,1.0,3.0,5.0,3.0,,0.0,0.0,0.0,0.0,,,,1.0,,0.0,0.0,0.0,1.0,0.0,0.0,False,BPräsA,0.0,0.0,0.0,2013-01-01
48,0.0,1.0,,9.0,0.0,181.0,1.0,,10.0,,,,2.0,0.0,,,,,,,0.0,0.0,0.0,65.0,81.0,24.0,,0.0,0.0,0.0,0.0,,,,4.0,,0.0,4.0,1.0,4.0,5.0,6.0,False,BT,18.0,3.0,1.0,2013-01-01
49,0.0,0.0,,0.0,0.0,6.0,0.0,,1.0,,,,0.0,0.0,,,,,,,0.0,0.0,0.0,1.0,1.0,2.0,,0.0,0.0,0.0,0.0,,,,0.0,,0.0,0.0,0.0,0.0,0.0,0.0,False,BR,2.0,1.0,0.0,2013-01-01
50,0.0,0.0,,1.0,0.0,5.0,0.0,,2.0,,,,0.0,0.0,,,,,,,0.0,0.0,0.0,2.0,3.0,1.0,,0.0,0.0,0.0,0.0,,,,0.0,,0.0,2.0,0.0,0.0,0.0,0.0,False,BBank,0.0,0.0,0.0,2013-01-01
51,0.0,0.0,,0.0,0.0,12.0,0.0,,0.0,,,,0.0,1.0,,,,,,,0.0,1.0,0.0,4.0,7.0,0.0,,0.0,0.0,0.0,0.0,,,,0.0,,0.0,0.0,0.0,0.0,0.0,1.0,False,BfDI,1.0,0.0,1.0,2013-01-01
52,0.0,0.0,,5.0,0.0,121.0,0.0,,3.0,,,,14.0,0.0,,,,,,,0.0,0.0,0.0,47.0,44.0,9.0,,0.0,2.0,0.0,0.0,,,,0.0,,0.0,0.0,2.0,2.0,0.0,0.0,False,BRH,12.0,1.0,0.0,2013-01-01
0,0.0,0.0,,,1.0,26.0,0.0,,3.0,,,,0.0,2.0,0.0,,,0.0,,1.0,0.0,0.0,2.0,9.0,8.0,6.0,,0.0,0.0,0.0,,0.0,0.0,0.0,0.0,1.0,0.0,1.0,,2.0,0.0,,False,BK,3.0,0.0,0.0,2007-01-01
1,0.0,0.0,,,0.0,1.0,0.0,,0.0,,,,0.0,0.0,0.0,,,0.0,,0.0,0.0,0.0,0.0,1.0,0.0,0.0,,0.0,0.0,0.0,,0.0,0.0,0.0,0.0,0.0,0.0,0.0,,0.0,0.0,,True,BK,0.0,0.0,0.0,2007-01-01
3,0.0,0.0,,,0.0,12.0,0.0,,0.0,,,,3.0,0.0,0.0,,,0.0,,0.0,0.0,0.0,0.0,4.0,2.0,1.0,,0.0,0.0,0.0,,0.0,0.0,0.0,0.0,0.0,0.0,0.0,,0.0,0.0,,False,BMAS,2.0,0.0,0.0,2007-01-01
4,0.0,0.0,,,1.0,69.0,0.0,,1.0,,,,3.0,1.0,0.0,,,1.0,,0.0,0.0,1.0,0.0,13.0,44.0,5.0,,0.0,0.0,0.0,,0.0,0.0,0.0,0.0,0.0,0.0,0.0,,1.0,0.0,,True,BMAS,4.0,0.0,0.0,2007-01-01
6,1.0,0.0,,,5.0,88.0,6.0,,16.0,,,,4.0,24.0,1.0,,,2.0,,2.0,1.0,2.0,21.0,16.0,39.0,17.0,,0.0,4.0,0.0,,0.0,0.0,0.0,0.0,0.0,0.0,3.0,,8.0,5.0,,False,AA,12.0,0.0,1.0,2007-01-01
7,0.0,0.0,,,0.0,0.0,0.0,,0.0,,,,0.0,0.0,0.0,,,0.0,,0.0,0.0,0.0,0.0,0.0,0.0,0.0,,0.0,0.0,0.0,,0.0,0.0,0.0,0.0,0.0,0.0,0.0,,0.0,0.0,,True,AA,0.0,0.0,0.0,2007-01-01
9,0.0,0.0,,,2.0,47.0,2.0,,11.0,,,,1.0,3.0,1.0,,,1.0,,0.0,1.0,2.0,0.0,13.0,20.0,11.0,,0.0,0.0,0.0,,0.0,0.0,0.0,0.0,0.0,0.0,4.0,,6.0,1.0,,False,BMI,2.0,1.0,1.0,2007-01-01
10,0.0,1.0,,,1.0,33.0,4.0,,8.0,,,,5.0,4.0,1.0,,,0.0,,0.0,1.0,2.0,1.0,10.0,12.0,6.0,,0.0,1.0,0.0,,0.0,0.0,1.0,1.0,1.0,0.0,3.0,,4.0,3.0,,True,BMI,0.0,0.0,0.0,2007-01-01
12,0.0,0.0,,,7.0,39.0,0.0,,0.0,,,,4.0,5.0,2.0,,,3.0,,2.0,2.0,1.0,2.0,12.0,16.0,6.0,,0.0,0.0,0.0,,0.0,0.0,0.0,0.0,0.0,0.0,0.0,,0.0,0.0,,False,BMJV,1.0,0.0,0.0,2007-01-01
13,0.0,0.0,,,1.0,18.0,0.0,,1.0,,,,4.0,1.0,1.0,,,0.0,,0.0,1.0,0.0,0.0,1.0,13.0,0.0,,0.0,0.0,0.0,,0.0,0.0,0.0,0.0,0.0,0.0,0.0,,0.0,0.0,,True,BMJV,0.0,1.0,0.0,2007-01-01
15,0.0,0.0,,,2.0,31.0,2.0,,3.0,,,,0.0,2.0,0.0,,,2.0,,0.0,1.0,1.0,0.0,19.0,10.0,2.0,,0.0,0.0,0.0,,0.0,0.0,0.0,0.0,0.0,0.0,3.0,,0.0,1.0,,False,BMF,0.0,0.0,1.0,2007-01-01
16,1.0,0.0,,,13.0,104.0,8.0,,15.0,,,,8.0,11.0,4.0,,,7.0,,2.0,4.0,4.0,3.0,36.0,41.0,15.0,,0.0,0.0,0.0,,0.0,0.0,0.0,1.0,7.0,1.0,5.0,,9.0,6.0,,True,BMF,4.0,0.0,2.0,2007-01-01
18,0.0,0.0,,,1.0,25.0,0.0,,1.0,,,,4.0,1.0,0.0,,,1.0,,0.0,0.0,1.0,0.0,8.0,9.0,3.0,,0.0,0.0,0.0,,0.0,0.0,0.0,0.0,0.0,0.0,0.0,,0.0,0.0,,False,BMWi,1.0,1.0,0.0,2007-01-01
19,0.0,0.0,,,5.0,195.0,0.0,,3.0,,,,1.0,12.0,1.0,,,1.0,,3.0,3.0,5.0,4.0,17.0,162.0,7.0,,0.0,0.0,0.0,,0.0,0.0,0.0,0.0,0.0,0.0,2.0,,1.0,0.0,,True,BMWi,8.0,0.0,0.0,2007-01-01
21,0.0,0.0,,,0.0,10.0,1.0,,1.0,,,,1.0,0.0,0.0,,,0.0,,0.0,0.0,0.0,0.0,4.0,3.0,1.0,,0.0,0.0,0.0,,0.0,0.0,0.0,0.0,0.0,0.0,0.0,,1.0,1.0,,False,BMEL,1.0,0.0,0.0,2007-01-01
22,0.0,0.0,,,0.0,43.0,0.0,,3.0,,,,2.0,0.0,0.0,,,0.0,,0.0,0.0,0.0,0.0,8.0,30.0,1.0,,0.0,0.0,0.0,,0.0,0.0,0.0,0.0,0.0,0.0,3.0,,0.0,0.0,,True,BMEL,2.0,0.0,0.0,2007-01-01
24,1.0,0.0,,,2.0,38.0,0.0,,3.0,,,,24.0,2.0,1.0,,,0.0,,1.0,1.0,1.0,0.0,5.0,5.0,4.0,,0.0,0.0,0.0,,0.0,0.0,0.0,1.0,0.0,0.0,1.0,,1.0,0.0,,False,BMVg,0.0,0.0,0.0,2007-01-01
25,0.0,0.0,,,4.0,11.0,1.0,,1.0,,,,2.0,4.0,2.0,,,1.0,,1.0,0.0,2.0,2.0,2.0,4.0,2.0,,0.0,0.0,0.0,,0.0,0.0,0.0,0.0,0.0,0.0,0.0,,0.0,1.0,,True,BMVg,1.0,1.0,0.0,2007-01-01
27,0.0,0.0,,,0.0,7.0,0.0,,0.0,,,,0.0,2.0,0.0,,,0.0,,0.0,1.0,0.0,1.0,4.0,3.0,0.0,,0.0,0.0,0.0,,0.0,0.0,0.0,0.0,0.0,0.0,0.0,,0.0,0.0,,False,BMFSFJ,0.0,0.0,0.0,2007-01-01
28,0.0,0.0,,,0.0,5.0,0.0,,1.0,,,,1.0,0.0,0.0,,,0.0,,0.0,0.0,0.0,0.0,1.0,3.0,0.0,,0.0,0.0,0.0,,0.0,0.0,0.0,0.0,0.0,0.0,1.0,,0.0,0.0,,True,BMFSFJ,0.0,0.0,0.0,2007-01-01
30,0.0,0.0,,,8.0,13.0,0.0,,1.0,,,,1.0,6.0,2.0,,,2.0,,4.0,0.0,2.0,4.0,2.0,8.0,2.0,,0.0,0.0,0.0,,0.0,0.0,0.0,0.0,0.0,0.0,0.0,,1.0,0.0,,False,BMG,0.0,0.0,0.0,2007-01-01
31,0.0,0.0,,,8.0,243.0,1.0,,4.0,,,,36.0,9.0,3.0,,,1.0,,4.0,1.0,7.0,1.0,30.0,140.0,13.0,,0.0,0.0,0.0,,0.0,0.0,0.0,0.0,0.0,0.0,3.0,,1.0,1.0,,True,BMG,24.0,0.0,0.0,2007-01-01
33,1.0,0.0,,,4.0,30.0,3.0,,8.0,,,,4.0,4.0,1.0,,,1.0,,2.0,1.0,3.0,0.0,10.0,4.0,7.0,,0.0,2.0,1.0,,0.0,0.0,0.0,0.0,3.0,0.0,3.0,,2.0,2.0,,False,BMVBS,5.0,0.0,0.0,2007-01-01
34,0.0,0.0,,,1.0,137.0,1.0,,8.0,,,,8.0,12.0,0.0,,,0.0,,1.0,1.0,7.0,4.0,12.0,90.0,12.0,,0.0,0.0,0.0,,0.0,0.0,0.0,1.0,1.0,0.0,2.0,,6.0,1.0,,True,BMVBS,15.0,0.0,0.0,2007-01-01
36,0.0,0.0,,,0.0,2.0,0.0,,0.0,,,,0.0,0.0,0.0,,,0.0,,0.0,0.0,0.0,0.0,2.0,0.0,0.0,,0.0,0.0,0.0,,0.0,0.0,0.0,0.0,0.0,0.0,0.0,,0.0,0.0,,False,BMUB,0.0,0.0,0.0,2007-01-01
37,0.0,0.0,,,0.0,0.0,0.0,,0.0,,,,0.0,0.0,0.0,,,0.0,,0.0,0.0,0.0,0.0,0.0,0.0,0.0,,0.0,0.0,0.0,,0.0,0.0,0.0,0.0,0.0,0.0,0.0,,0.0,0.0,,True,BMUB,0.0,0.0,0.0,2007-01-01
39,0.0,0.0,,,3.0,10.0,0.0,,2.0,,,,2.0,2.0,1.0,,,1.0,,1.0,1.0,1.0,0.0,5.0,3.0,0.0,,0.0,0.0,0.0,,0.0,0.0,0.0,0.0,0.0,0.0,1.0,,1.0,0.0,,False,BMBF,0.0,0.0,0.0,2007-01-01
40,0.0,0.0,,,0.0,0.0,0.0,,0.0,,,,0.0,0.0,0.0,,,0.0,,0.0,0.0,0.0,0.0,0.0,0.0,0.0,,0.0,0.0,0.0,,0.0,0.0,0.0,0.0,0.0,0.0,0.0,,0.0,0.0,,True,BMBF,0.0,0.0,0.0,2007-01-01
42,0.0,0.0,,,0.0,12.0,0.0,,0.0,,,,2.0,0.0,0.0,,,0.0,,0.0,0.0,0.0,0.0,1.0,5.0,2.0,,0.0,0.0,0.0,,0.0,0.0,0.0,0.0,0.0,0.0,0.0,,0.0,0.0,,False,BMZ,2.0,0.0,0.0,2007-01-01
43,0.0,0.0,,,1.0,2.0,0.0,,1.0,,,,0.0,1.0,0.0,,,0.0,,1.0,0.0,0.0,1.0,1.0,0.0,1.0,,0.0,0.0,0.0,,0.0,1.0,0.0,0.0,0.0,0.0,1.0,,0.0,0.0,,False,BKM,0.0,0.0,0.0,2007-01-01
44,0.0,0.0,,,7.0,8.0,0.0,,6.0,,,,1.0,7.0,2.0,,,2.0,,3.0,5.0,0.0,2.0,1.0,2.0,4.0,,0.0,2.0,0.0,,0.0,0.0,0.0,1.0,4.0,1.0,0.0,,2.0,0.0,,True,BKM,0.0,2.0,0.0,2007-01-01
46,0.0,0.0,,,0.0,6.0,0.0,,0.0,,,,1.0,0.0,0.0,,,0.0,,0.0,0.0,0.0,0.0,0.0,5.0,0.0,,0.0,0.0,0.0,,0.0,0.0,0.0,0.0,0.0,0.0,0.0,,0.0,0.0,,False,BPA,0.0,0.0,0.0,2007-01-01
0,0.0,0.0,2.0,,1.0,38.0,1.0,,4.0,,,,8.0,2.0,,0.0,1.0,,0.0,,0.0,1.0,1.0,16.0,9.0,3.0,,0.0,1.0,0.0,,0.0,1.0,0.0,0.0,2.0,0.0,0.0,,3.0,1.0,,False,BK,,,,2006-01-01
1,0.0,0.0,0.0,,0.0,13.0,0.0,,0.0,,,,13.0,0.0,,0.0,0.0,,0.0,,0.0,0.0,0.0,0.0,0.0,0.0,,0.0,0.0,0.0,,0.0,0.0,0.0,0.0,0.0,0.0,0.0,,0.0,0.0,,True,BK,,,,2006-01-01
3,0.0,0.0,0.0,,3.0,18.0,0.0,,3.0,,,,7.0,3.0,,0.0,0.0,,3.0,,1.0,2.0,0.0,1.0,7.0,3.0,,0.0,2.0,0.0,,1.0,0.0,0.0,0.0,1.0,0.0,1.0,,0.0,0.0,,False,BMAS,,,,2006-01-01
4,0.0,0.0,4.0,,1.0,117.0,0.0,,1.0,,,,14.0,2.0,,1.0,0.0,,0.0,,0.0,1.0,1.0,20.0,72.0,7.0,,0.0,1.0,0.0,,1.0,1.0,0.0,0.0,0.0,0.0,0.0,,0.0,0.0,,True,BMAS,,,,2006-01-01
6,4.0,0.0,7.0,,16.0,131.0,3.0,,16.0,,,,6.0,29.0,,6.0,0.0,,10.0,,0.0,1.0,28.0,37.0,67.0,14.0,,0.0,2.0,0.0,,0.0,0.0,0.0,0.0,4.0,0.0,2.0,,8.0,3.0,,False,AA,,,,2006-01-01
7,0.0,0.0,0.0,,0.0,0.0,0.0,,0.0,,,,0.0,0.0,,0.0,0.0,,0.0,,0.0,0.0,0.0,0.0,0.0,0.0,,0.0,0.0,0.0,,0.0,0.0,0.0,0.0,0.0,0.0,0.0,,0.0,0.0,,True,AA,,,,2006-01-01
9,1.0,0.0,0.0,,5.0,47.0,1.0,,7.0,,,,3.0,5.0,,0.0,2.0,,3.0,,0.0,5.0,0.0,14.0,25.0,5.0,,0.0,1.0,0.0,,0.0,0.0,0.0,0.0,5.0,0.0,1.0,,4.0,1.0,,False,BMI,,,,2006-01-01
10,0.0,0.0,5.0,,0.0,55.0,0.0,,3.0,,,,5.0,0.0,,0.0,0.0,,0.0,,0.0,0.0,0.0,19.0,22.0,4.0,,0.0,0.0,0.0,,0.0,0.0,1.0,0.0,0.0,0.0,2.0,,1.0,0.0,,True,BMI,,,,2006-01-01
12,0.0,0.0,2.0,,7.0,51.0,1.0,,3.0,,,,9.0,6.0,,0.0,6.0,,1.0,,1.0,5.0,0.0,3.0,25.0,12.0,,0.0,1.0,0.0,,0.0,3.0,0.0,0.0,1.0,1.0,1.0,,1.0,1.0,,False,BMJV,,,,2006-01-01
13,1.0,0.0,0.0,,0.0,26.0,0.0,,2.0,,,,1.0,0.0,,0.0,0.0,,0.0,,0.0,0.0,0.0,15.0,7.0,3.0,,0.0,0.0,0.0,,0.0,0.0,0.0,0.0,0.0,0.0,1.0,,0.0,0.0,,True,BMJV,,,,2006-01-01
15,0.0,0.0,0.0,,0.0,43.0,1.0,,4.0,,,,4.0,0.0,,0.0,0.0,,0.0,,0.0,0.0,0.0,11.0,24.0,4.0,,0.0,0.0,0.0,,0.0,0.0,0.0,0.0,2.0,0.0,2.0,,2.0,1.0,,False,BMF,,,,2006-01-01
16,1.0,0.0,7.0,,2.0,128.0,5.0,,30.0,,,,11.0,2.0,,1.0,0.0,,1.0,,1.0,1.0,0.0,60.0,30.0,20.0,,0.0,0.0,0.0,,0.0,0.0,0.0,0.0,12.0,0.0,17.0,,12.0,5.0,,True,BMF,,,,2006-01-01
18,0.0,0.0,1.0,,1.0,21.0,0.0,,2.0,,,,2.0,1.0,,1.0,0.0,,0.0,,0.0,1.0,0.0,9.0,8.0,1.0,,0.0,0.0,0.0,,0.0,0.0,0.0,0.0,1.0,0.0,1.0,,1.0,0.0,,False,BMWi,,,,2006-01-01
19,0.0,0.0,19.0,,7.0,607.0,2.0,,6.0,,,,2.0,20.0,,2.0,0.0,,5.0,,8.0,8.0,4.0,33.0,485.0,68.0,,0.0,1.0,0.0,,0.0,0.0,0.0,0.0,1.0,3.0,0.0,,5.0,2.0,,True,BMWi,,,,2006-01-01
21,0.0,0.0,0.0,,0.0,111.0,3.0,,3.0,,,,8.0,1.0,,0.0,0.0,,0.0,,0.0,0.0,1.0,7.0,95.0,1.0,,0.0,0.0,0.0,,0.0,1.0,0.0,0.0,2.0,0.0,0.0,,3.0,3.0,,False,BMEL,,,,2006-01-01
22,0.0,0.0,0.0,,1.0,53.0,2.0,,5.0,,,,12.0,2.0,,1.0,0.0,,0.0,,0.0,2.0,0.0,11.0,26.0,4.0,,0.0,0.0,0.0,,1.0,1.0,0.0,0.0,2.0,0.0,1.0,,4.0,2.0,,True,BMEL,,,,2006-01-01
24,0.0,0.0,0.0,,4.0,26.0,0.0,,2.0,,,,3.0,3.0,,0.0,2.0,,2.0,,2.0,0.0,1.0,14.0,8.0,1.0,,0.0,0.0,0.0,,0.0,0.0,0.0,0.0,1.0,0.0,1.0,,1.0,0.0,,False,BMVg,,,,2006-01-01
25,0.0,0.0,1.0,,5.0,18.0,2.0,,2.0,,,,1.0,5.0,,0.0,0.0,,5.0,,1.0,1.0,3.0,5.0,9.0,2.0,,0.0,0.0,0.0,,1.0,0.0,0.0,0.0,0.0,1.0,1.0,,1.0,2.0,,True,BMVg,,,,2006-01-01
27,0.0,0.0,0.0,,1.0,21.0,0.0,,3.0,,,,5.0,3.0,,0.0,1.0,,0.0,,1.0,2.0,0.0,4.0,10.0,2.0,,0.0,0.0,0.0,,0.0,1.0,1.0,0.0,0.0,0.0,3.0,,0.0,0.0,,False,BMFSFJ,,,,2006-01-01
28,0.0,0.0,0.0,,3.0,23.0,2.0,,6.0,,,,0.0,3.0,,0.0,0.0,,3.0,,0.0,3.0,0.0,15.0,8.0,0.0,,0.0,0.0,0.0,,0.0,0.0,0.0,0.0,2.0,0.0,3.0,,3.0,2.0,,True,BMFSFJ,,,,2006-01-01
30,0.0,0.0,2.0,,2.0,18.0,0.0,,3.0,,,,2.0,2.0,,0.0,0.0,,2.0,,0.0,1.0,1.0,4.0,8.0,2.0,,0.0,1.0,0.0,,0.0,0.0,0.0,0.0,1.0,0.0,1.0,,1.0,0.0,,False,BMG,,,,2006-01-01
31,0.0,0.0,8.0,,1.0,526.0,1.0,,9.0,,,,183.0,3.0,,0.0,0.0,,1.0,,0.0,1.0,2.0,51.0,155.0,16.0,,0.0,0.0,0.0,,0.0,0.0,0.0,0.0,0.0,0.0,7.0,,2.0,1.0,,True,BMG,,,,2006-01-01
33,3.0,0.0,1.0,,3.0,48.0,2.0,,15.0,,,,2.0,4.0,,1.0,0.0,,2.0,,1.0,2.0,1.0,28.0,11.0,6.0,,0.0,1.0,0.0,,0.0,0.0,0.0,0.0,3.0,1.0,7.0,,4.0,2.0,,False,BMVBS,,,,2006-01-01
34,0.0,0.0,8.0,,5.0,102.0,1.0,,8.0,,,,6.0,17.0,,2.0,2.0,,1.0,,5.0,6.0,6.0,24.0,62.0,2.0,,0.0,0.0,0.0,,0.0,0.0,0.0,0.0,2.0,3.0,3.0,,5.0,1.0,,True,BMVBS,,,,2006-01-01
36,0.0,0.0,0.0,,0.0,5.0,0.0,,0.0,,,,0.0,0.0,,0.0,0.0,,0.0,,0.0,0.0,0.0,3.0,2.0,0.0,,0.0,0.0,0.0,,0.0,0.0,0.0,0.0,0.0,0.0,0.0,,0.0,0.0,,False,BMUB,,,,2006-01-01
37,0.0,0.0,0.0,,0.0,0.0,0.0,,0.0,,,,0.0,0.0,,0.0,0.0,,0.0,,0.0,0.0,0.0,0.0,0.0,0.0,,0.0,0.0,0.0,,0.0,0.0,0.0,0.0,0.0,0.0,0.0,,0.0,0.0,,True,BMUB,,,,2006-01-01
39,0.0,0.0,0.0,,0.0,5.0,0.0,,0.0,,,,0.0,0.0,,0.0,0.0,,0.0,,0.0,0.0,0.0,1.0,3.0,1.0,,0.0,0.0,0.0,,0.0,0.0,0.0,0.0,0.0,0.0,0.0,,0.0,0.0,,False,BMBF,,,,2006-01-01
40,0.0,0.0,0.0,,0.0,1.0,0.0,,0.0,,,,0.0,0.0,,0.0,0.0,,0.0,,0.0,0.0,0.0,0.0,1.0,0.0,,0.0,0.0,0.0,,0.0,0.0,0.0,0.0,0.0,0.0,0.0,,0.0,0.0,,True,BMBF,,,,2006-01-01
42,0.0,0.0,0.0,,0.0,13.0,0.0,,1.0,,,,1.0,0.0,,0.0,0.0,,0.0,,0.0,0.0,0.0,3.0,8.0,1.0,,0.0,0.0,0.0,,0.0,0.0,0.0,0.0,1.0,0.0,0.0,,1.0,0.0,,False,BMZ,,,,2006-01-01
43,0.0,0.0,0.0,,0.0,3.0,0.0,,1.0,,,,1.0,0.0,,0.0,0.0,,0.0,,0.0,0.0,0.0,0.0,1.0,1.0,,0.0,1.0,0.0,,0.0,0.0,0.0,0.0,1.0,0.0,0.0,,0.0,0.0,,False,BKM,,,,2006-01-01
44,0.0,0.0,0.0,,1.0,4.0,0.0,,3.0,,,,0.0,1.0,,0.0,0.0,,1.0,,0.0,0.0,1.0,1.0,1.0,2.0,,0.0,1.0,0.0,,0.0,0.0,0.0,0.0,1.0,0.0,2.0,,0.0,0.0,,True,BKM,,,,2006-01-01
46,0.0,0.0,0.0,,0.0,6.0,0.0,,0.0,,,,0.0,0.0,,0.0,0.0,,0.0,,0.0,0.0,0.0,1.0,4.0,1.0,,0.0,0.0,0.0,,0.0,0.0,0.0,0.0,0.0,0.0,0.0,,0.0,0.0,,False,BPA,,,,2006-01-01
0,0.0,1.0,,16.0,10.0,786.0,7.0,,8.0,,,,15.0,9.0,,,,,,,1.0,8.0,0.0,7.0,754.0,17.0,,0.0,4.0,1.0,0.0,,,,0.0,,4.0,4.0,2.0,1.0,6.0,4.0,False,BK,9.0,1.0,3.0,2012-01-01
1,0.0,0.0,,0.0,0.0,4.0,0.0,,1.0,,,,0.0,0.0,,,,,,,0.0,0.0,0.0,4.0,0.0,0.0,,0.0,0.0,0.0,0.0,,,,0.0,,0.0,1.0,0.0,0.0,0.0,0.0,True,BK,0.0,0.0,0.0,2012-01-01
3,1.0,1.0,,9.0,3.0,27.0,2.0,,8.0,,,,5.0,5.0,,,,,,,0.0,5.0,0.0,12.0,14.0,4.0,,1.0,2.0,0.0,1.0,,,,4.0,,0.0,2.0,0.0,3.0,2.0,2.0,False,BMAS,1.0,0.0,0.0,2012-01-01
4,1.0,3.0,,8.0,10.0,332.0,7.0,,36.0,,,,9.0,94.0,,,,,,,1.0,90.0,3.0,144.0,161.0,6.0,,0.0,0.0,0.0,209.0,,,,2.0,,0.0,40.0,20.0,14.0,3.0,0.0,True,BMAS,20.0,1.0,1.0,2012-01-01
6,3.0,1.0,,6.0,5.0,147.0,3.0,,13.0,,,,16.0,35.0,,,,,,,10.0,5.0,20.0,7.0,63.0,17.0,,0.0,1.0,0.0,1.0,,,,2.0,,1.0,3.0,0.0,3.0,3.0,5.0,False,AA,50.0,3.0,4.0,2012-01-01
7,0.0,0.0,,0.0,0.0,0.0,0.0,,0.0,,,,0.0,0.0,,,,,,,0.0,0.0,0.0,0.0,0.0,0.0,,0.0,0.0,0.0,0.0,,,,0.0,,0.0,0.0,0.0,0.0,0.0,0.0,True,AA,0.0,0.0,0.0,2012-01-01
9,0.0,0.0,,39.0,67.0,149.0,5.0,,49.0,,,,11.0,69.0,,,,,,,23.0,38.0,8.0,28.0,48.0,75.0,,0.0,1.0,0.0,1.0,,,,2.0,,0.0,45.0,0.0,3.0,4.0,2.0,False,BMI,26.0,0.0,3.0,2012-01-01
10,1.0,0.0,,6.0,1.0,70.0,1.0,,7.0,,,,7.0,7.0,,,,,,,2.0,3.0,2.0,15.0,24.0,10.0,,1.0,0.0,0.0,0.0,,,,7.0,,0.0,2.0,3.0,7.0,8.0,10.0,True,BMI,20.0,0.0,2.0,2012-01-01
12,1.0,5.0,,11.0,9.0,57.0,5.0,,9.0,,,,4.0,9.0,,,,,,,0.0,2.0,7.0,14.0,27.0,14.0,,0.0,1.0,0.0,0.0,,,,1.0,,4.0,3.0,0.0,4.0,3.0,5.0,False,BMJV,9.0,0.0,2.0,2012-01-01
13,0.0,0.0,,2.0,7.0,41.0,1.0,,4.0,,,,6.0,2.0,,,,,,,0.0,1.0,1.0,2.0,21.0,3.0,,1.0,0.0,0.0,0.0,,,,4.0,,0.0,1.0,0.0,3.0,1.0,1.0,True,BMJV,11.0,0.0,0.0,2012-01-01
15,1.0,0.0,,7.0,7.0,64.0,4.0,,6.0,,,,4.0,10.0,,,,,,,1.0,5.0,4.0,22.0,30.0,9.0,,0.0,2.0,0.0,0.0,,,,3.0,,1.0,1.0,3.0,4.0,3.0,0.0,False,BMF,6.0,1.0,1.0,2012-01-01
16,9.0,2.0,,51.0,81.0,2903.0,164.0,,3042.0,,,,556.0,232.0,,,,,,,83.0,82.0,67.0,149.0,689.0,1460.0,,0.0,1614.0,0.0,5.0,,,,3042.0,,1.0,39.0,127.0,1435.0,405.0,412.0,True,BMF,100.0,72.0,169.0,2012-01-01
18,1.0,0.0,,8.0,7.0,125.0,14.0,,24.0,,,,23.0,11.0,,,,,,,5.0,3.0,3.0,42.0,30.0,24.0,,0.0,3.0,0.0,0.0,,,,17.0,,5.0,7.0,5.0,15.0,14.0,1.0,False,BMWi,14.0,3.0,1.0,2012-01-01
19,0.0,0.0,,1.0,2.0,437.0,2.0,,5.0,,,,9.0,54.0,,,,,,,3.0,3.0,48.0,36.0,365.0,17.0,,0.0,0.0,0.0,0.0,,,,1.0,,0.0,2.0,0.0,3.0,7.0,5.0,True,BMWi,11.0,0.0,0.0,2012-01-01
21,0.0,0.0,,1.0,1.0,7.0,0.0,,0.0,,,,2.0,2.0,,,,,,,0.0,0.0,2.0,0.0,5.0,1.0,,0.0,0.0,0.0,0.0,,,,0.0,,0.0,0.0,0.0,0.0,1.0,1.0,False,BMEL,0.0,0.0,0.0,2012-01-01
22,0.0,0.0,,2.0,21.0,40.0,0.0,,0.0,,,,0.0,25.0,,,,,,,11.0,12.0,2.0,0.0,38.0,1.0,,0.0,0.0,0.0,0.0,,,,0.0,,0.0,1.0,2.0,0.0,0.0,0.0,True,BMEL,3.0,1.0,0.0,2012-01-01
24,0.0,1.0,,4.0,0.0,47.0,0.0,,3.0,,,,3.0,3.0,,,,,,,0.0,3.0,0.0,3.0,33.0,6.0,,0.0,1.0,0.0,0.0,,,,0.0,,0.0,1.0,0.0,1.0,0.0,1.0,False,BMVg,6.0,0.0,0.0,2012-01-01
25,0.0,0.0,,0.0,0.0,21.0,0.0,,0.0,,,,2.0,2.0,,,,,,,1.0,1.0,0.0,0.0,17.0,0.0,,0.0,0.0,0.0,0.0,,,,0.0,,0.0,0.0,0.0,0.0,0.0,0.0,True,BMVg,2.0,0.0,0.0,2012-01-01
27,0.0,0.0,,1.0,0.0,14.0,0.0,,2.0,,,,2.0,1.0,,,,,,,0.0,0.0,1.0,3.0,7.0,2.0,,0.0,0.0,0.0,0.0,,,,2.0,,0.0,0.0,0.0,2.0,1.0,1.0,False,BMFSFJ,1.0,0.0,0.0,2012-01-01
28,3.0,0.0,,0.0,1.0,19.0,2.0,,9.0,,,,1.0,1.0,,,,,,,0.0,1.0,0.0,6.0,5.0,6.0,,0.0,1.0,0.0,0.0,,,,2.0,,0.0,0.0,0.0,5.0,3.0,1.0,True,BMFSFJ,1.0,0.0,0.0,2012-01-01
30,0.0,0.0,,3.0,0.0,22.0,0.0,,1.0,,,,3.0,1.0,,,,,,,0.0,1.0,0.0,4.0,11.0,3.0,,0.0,0.0,0.0,0.0,,,,1.0,,0.0,1.0,1.0,1.0,1.0,1.0,False,BMG,4.0,0.0,0.0,2012-01-01
31,1.0,0.0,,14.0,12.0,308.0,3.0,,1.0,,,,24.0,17.0,,,,,,,4.0,9.0,4.0,24.0,230.0,33.0,,0.0,0.0,0.0,0.0,,,,1.0,,0.0,0.0,2.0,2.0,2.0,0.0,True,BMG,11.0,0.0,1.0,2012-01-01
33,0.0,0.0,,9.0,2.0,53.0,3.0,,5.0,,,,6.0,2.0,,,,,,,0.0,1.0,1.0,6.0,20.0,15.0,,0.0,0.0,0.0,0.0,,,,4.0,,0.0,6.0,5.0,4.0,3.0,4.0,False,BMVBS,15.0,0.0,4.0,2012-01-01
34,0.0,0.0,,17.0,14.0,153.0,0.0,,6.0,,,,9.0,29.0,,,,,,,10.0,10.0,9.0,5.0,127.0,10.0,,0.0,1.0,0.0,0.0,,,,2.0,,2.0,1.0,3.0,6.0,0.0,0.0,True,BMVBS,19.0,1.0,0.0,2012-01-01
36,0.0,0.0,,0.0,0.0,0.0,0.0,,0.0,,,,0.0,0.0,,,,,,,0.0,0.0,0.0,0.0,0.0,0.0,,0.0,0.0,0.0,0.0,,,,0.0,,0.0,0.0,0.0,0.0,0.0,0.0,False,BMUB,0.0,0.0,0.0,2012-01-01
37,0.0,0.0,,0.0,0.0,14.0,0.0,,1.0,,,,2.0,0.0,,,,,,,0.0,0.0,0.0,1.0,9.0,1.0,,0.0,0.0,0.0,0.0,,,,0.0,,0.0,1.0,0.0,0.0,0.0,0.0,True,BMUB,1.0,0.0,0.0,2012-01-01
39,0.0,0.0,,10.0,0.0,29.0,0.0,,4.0,,,,2.0,0.0,,,,,,,0.0,0.0,0.0,10.0,21.0,6.0,,0.0,1.0,0.0,0.0,,,,0.0,,0.0,2.0,1.0,2.0,1.0,1.0,False,BMBF,0.0,0.0,0.0,2012-01-01
40,0.0,0.0,,0.0,0.0,0.0,0.0,,0.0,,,,0.0,0.0,,,,,,,0.0,0.0,0.0,0.0,0.0,0.0,,0.0,0.0,0.0,0.0,,,,0.0,,0.0,0.0,0.0,0.0,0.0,0.0,True,BMBF,0.0,0.0,0.0,2012-01-01
42,0.0,0.0,,4.0,2.0,2.0,0.0,,2.0,,,,1.0,2.0,,,,,,,0.0,2.0,0.0,0.0,2.0,2.0,,0.0,0.0,0.0,0.0,,,,0.0,,0.0,2.0,0.0,0.0,1.0,1.0,False,BKM,1.0,0.0,0.0,2012-01-01
43,0.0,0.0,,6.0,3.0,13.0,0.0,,0.0,,,,7.0,3.0,,,,,,,1.0,0.0,2.0,1.0,6.0,2.0,,0.0,0.0,0.0,0.0,,,,0.0,,0.0,0.0,0.0,0.0,0.0,0.0,True,BKM,3.0,0.0,0.0,2012-01-01
45,0.0,0.0,,0.0,0.0,21.0,0.0,,0.0,,,,2.0,1.0,,,,,,,0.0,0.0,1.0,0.0,19.0,0.0,,0.0,0.0,0.0,0.0,,,,0.0,,0.0,0.0,0.0,0.0,0.0,0.0,False,BMZ,0.0,0.0,0.0,2012-01-01
46,0.0,0.0,,0.0,0.0,10.0,0.0,,0.0,,,,1.0,0.0,,,,,,,0.0,0.0,0.0,0.0,7.0,2.0,,0.0,0.0,0.0,0.0,,,,0.0,,0.0,0.0,0.0,0.0,0.0,0.0,False,BPA,0.0,0.0,0.0,2012-01-01
47,0.0,0.0,,0.0,0.0,14.0,0.0,,0.0,,,,0.0,0.0,,,,,,,0.0,0.0,0.0,6.0,7.0,0.0,,0.0,0.0,0.0,0.0,,,,0.0,,0.0,0.0,0.0,0.0,0.0,0.0,False,BPräsA,1.0,0.0,0.0,2012-01-01
48,0.0,4.0,,5.0,1.0,90.0,2.0,,8.0,,,,10.0,1.0,,,,,,,1.0,0.0,0.0,56.0,4.0,12.0,,0.0,0.0,0.0,0.0,,,,3.0,,0.0,1.0,0.0,4.0,6.0,9.0,False,BT,13.0,3.0,1.0,2012-01-01
49,0.0,0.0,,0.0,0.0,0.0,0.0,,0.0,,,,0.0,0.0,,,,,,,0.0,0.0,0.0,0.0,0.0,0.0,,0.0,0.0,0.0,0.0,,,,0.0,,0.0,0.0,0.0,0.0,0.0,0.0,False,BR,0.0,0.0,0.0,2012-01-01
50,0.0,0.0,,0.0,1.0,13.0,1.0,,1.0,,,,1.0,2.0,,,,,,,0.0,0.0,2.0,4.0,8.0,0.0,,0.0,0.0,0.0,0.0,,,,1.0,,0.0,0.0,0.0,1.0,1.0,0.0,False,BBank,0.0,0.0,0.0,2012-01-01
51,0.0,0.0,,0.0,0.0,20.0,1.0,,0.0,,,,1.0,1.0,,,,,,,0.0,1.0,0.0,2.0,16.0,1.0,,0.0,0.0,0.0,0.0,,,,0.0,,0.0,0.0,0.0,0.0,1.0,0.0,False,BfDI,0.0,0.0,0.0,2012-01-01
52,0.0,0.0,,1.0,0.0,25.0,0.0,,2.0,,,,5.0,0.0,,,,,,,0.0,0.0,0.0,7.0,10.0,3.0,,1.0,0.0,0.0,0.0,,,,0.0,,0.0,2.0,0.0,0.0,1.0,2.0,False,BRH,1.0,0.0,0.0,2012-01-01
0,1.0,1.0,,1.0,3.0,30.0,5.0,,3.0,,,,4.0,4.0,,,,,,,1.0,3.0,0.0,7.0,5.0,3.0,,0.0,0.0,0.0,0.0,,,,2.0,,0.0,0.0,0.0,2.0,4.0,0.0,False,BK,12.0,0.0,0.0,2010-01-01
1,0.0,0.0,,0.0,0.0,1.0,0.0,,0.0,,,,0.0,0.0,,,,,,,0.0,0.0,0.0,1.0,0.0,0.0,,0.0,0.0,0.0,0.0,,,,0.0,,0.0,0.0,0.0,0.0,0.0,0.0,True,BK,0.0,0.0,0.0,2010-01-01
3,0.0,1.0,,1.0,1.0,9.0,2.0,,3.0,,,,1.0,1.0,,,,,,,0.0,1.0,0.0,6.0,3.0,0.0,,0.0,1.0,0.0,0.0,,,,2.0,,0.0,1.0,0.0,1.0,2.0,1.0,False,BMAS,0.0,0.0,0.0,2010-01-01
4,0.0,8.0,,47.0,0.0,151.0,13.0,,17.0,,,,30.0,22.0,,,,,,,0.0,22.0,0.0,49.0,87.0,17.0,,1.0,0.0,0.0,22.0,,,,0.0,,0.0,2.0,20.0,22.0,7.0,12.0,True,BMAS,15.0,13.0,9.0,2010-01-01
6,0.0,0.0,,6.0,1.0,158.0,7.0,,27.0,,,,16.0,31.0,,,,,,,6.0,4.0,21.0,21.0,69.0,33.0,,0.0,11.0,0.0,1.0,,,,15.0,,2.0,5.0,2.0,11.0,8.0,7.0,False,AA,25.0,2.0,6.0,2010-01-01
7,0.0,0.0,,0.0,0.0,0.0,0.0,,0.0,,,,0.0,0.0,,,,,,,0.0,0.0,0.0,0.0,0.0,0.0,,0.0,0.0,0.0,0.0,,,,0.0,,0.0,0.0,0.0,0.0,0.0,0.0,True,AA,0.0,0.0,0.0,2010-01-01
9,1.0,0.0,,3.0,4.0,42.0,0.0,,6.0,,,,2.0,8.0,,,,,,,0.0,4.0,4.0,7.0,21.0,8.0,,0.0,1.0,0.0,0.0,,,,2.0,,0.0,1.0,1.0,4.0,1.0,1.0,False,BMI,7.0,0.0,0.0,2010-01-01
10,1.0,0.0,,15.0,1.0,56.0,1.0,,4.0,,,,3.0,2.0,,,,,,,0.0,1.0,1.0,8.0,25.0,4.0,,0.0,0.0,0.0,0.0,,,,0.0,,0.0,3.0,1.0,1.0,4.0,4.0,True,BMI,31.0,0.0,1.0,2010-01-01
12,0.0,0.0,,4.0,2.0,59.0,1.0,,4.0,,,,6.0,3.0,,,,,,,0.0,1.0,2.0,19.0,31.0,2.0,,0.0,0.0,0.0,0.0,,,,4.0,,0.0,2.0,2.0,4.0,4.0,3.0,False,BMJV,5.0,0.0,0.0,2010-01-01
13,0.0,0.0,,2.0,7.0,25.0,1.0,,2.0,,,,0.0,2.0,,,,,,,0.0,0.0,2.0,7.0,14.0,4.0,,0.0,0.0,0.0,0.0,,,,2.0,,0.0,1.0,1.0,2.0,1.0,0.0,True,BMJV,2.0,0.0,0.0,2010-01-01
15,1.0,0.0,,2.0,1.0,25.0,0.0,,2.0,,,,1.0,0.0,,,,,,,0.0,0.0,0.0,4.0,12.0,5.0,,0.0,0.0,0.0,0.0,,,,2.0,,0.0,0.0,1.0,2.0,0.0,1.0,False,BMF,5.0,0.0,1.0,2010-01-01
16,5.0,1.0,,199.0,9.0,223.0,16.0,,51.0,,,,226.0,10.0,,,,,,,3.0,2.0,5.0,82.0,63.0,29.0,,1.0,6.0,0.0,0.0,,,,29.0,,1.0,25.0,26.0,32.0,35.0,24.0,True,BMF,22.0,9.0,3.0,2010-01-01
18,0.0,0.0,,3.0,0.0,30.0,0.0,,4.0,,,,7.0,5.0,,,,,,,2.0,3.0,0.0,4.0,11.0,4.0,,0.0,0.0,0.0,1.0,,,,1.0,,1.0,0.0,0.0,2.0,0.0,0.0,False,BMWi,7.0,2.0,0.0,2010-01-01
19,0.0,0.0,,0.0,3.0,105.0,1.0,,0.0,,,,1.0,6.0,,,,,,,3.0,3.0,0.0,24.0,65.0,11.0,,0.0,0.0,0.0,0.0,,,,0.0,,0.0,0.0,0.0,0.0,1.0,1.0,True,BMWi,4.0,0.0,1.0,2010-01-01
21,0.0,0.0,,1.0,0.0,1.0,0.0,,0.0,,,,0.0,1.0,,,,,,,0.0,1.0,0.0,0.0,2.0,0.0,,0.0,0.0,0.0,0.0,,,,0.0,,0.0,0.0,0.0,0.0,1.0,1.0,False,BMEL,0.0,0.0,0.0,2010-01-01
22,0.0,0.0,,3.0,10.0,24.0,0.0,,0.0,,,,7.0,12.0,,,,,,,2.0,8.0,2.0,2.0,15.0,2.0,,0.0,0.0,0.0,0.0,,,,0.0,,0.0,1.0,1.0,0.0,2.0,5.0,True,BMEL,1.0,0.0,3.0,2010-01-01
24,0.0,0.0,,2.0,0.0,22.0,0.0,,1.0,,,,3.0,0.0,,,,,,,0.0,0.0,0.0,4.0,10.0,3.0,,0.0,1.0,0.0,2.0,,,,0.0,,0.0,0.0,0.0,0.0,0.0,0.0,False,BMVg,4.0,0.0,0.0,2010-01-01
25,1.0,0.0,,5.0,0.0,29.0,0.0,,0.0,,,,1.0,0.0,,,,,,,0.0,0.0,0.0,7.0,21.0,3.0,,0.0,0.0,0.0,0.0,,,,0.0,,0.0,0.0,1.0,0.0,1.0,2.0,True,BMVg,2.0,0.0,1.0,2010-01-01
27,1.0,0.0,,0.0,1.0,11.0,1.0,,3.0,,,,1.0,2.0,,,,,,,1.0,0.0,1.0,3.0,6.0,0.0,,0.0,0.0,0.0,0.0,,,,2.0,,0.0,0.0,0.0,2.0,1.0,0.0,False,BMFSFJ,1.0,0.0,0.0,2010-01-01
28,0.0,0.0,,1.0,4.0,27.0,0.0,,1.0,,,,0.0,4.0,,,,,,,0.0,1.0,3.0,0.0,22.0,1.0,,0.0,0.0,0.0,0.0,,,,1.0,,0.0,0.0,0.0,1.0,0.0,0.0,True,BMFSFJ,5.0,0.0,0.0,2010-01-01
30,0.0,0.0,,0.0,1.0,7.0,1.0,,3.0,,,,1.0,0.0,,,,,,,0.0,0.0,0.0,2.0,3.0,1.0,,1.0,1.0,0.0,0.0,,,,2.0,,0.0,1.0,1.0,2.0,1.0,2.0,False,BMG,0.0,0.0,1.0,2010-01-01
31,0.0,0.0,,16.0,8.0,242.0,0.0,,1.0,,,,11.0,10.0,,,,,,,4.0,5.0,1.0,40.0,150.0,30.0,,0.0,0.0,0.0,0.0,,,,1.0,,1.0,0.0,2.0,3.0,0.0,4.0,True,BMG,27.0,0.0,4.0,2010-01-01
33,0.0,0.0,,9.0,0.0,55.0,3.0,,6.0,,,,9.0,0.0,,,,,,,0.0,0.0,0.0,5.0,23.0,7.0,,0.0,1.0,0.0,0.0,,,,3.0,,0.0,11.0,8.0,2.0,3.0,1.0,False,BMVBS,20.0,0.0,1.0,2010-01-01
34,4.0,0.0,,8.0,8.0,173.0,0.0,,17.0,,,,9.0,26.0,,,,,,,3.0,7.0,16.0,13.0,112.0,22.0,,0.0,1.0,0.0,0.0,,,,2.0,,0.0,12.0,2.0,2.0,0.0,1.0,True,BMVBS,25.0,0.0,1.0,2010-01-01
36,0.0,0.0,,0.0,0.0,0.0,0.0,,0.0,,,,0.0,0.0,,,,,,,0.0,0.0,0.0,0.0,0.0,0.0,,0.0,0.0,0.0,0.0,,,,0.0,,0.0,0.0,0.0,0.0,0.0,0.0,False,BMUB,0.0,0.0,0.0,2010-01-01
37,0.0,0.0,,0.0,0.0,2.0,0.0,,0.0,,,,1.0,1.0,,,,,,,0.0,1.0,0.0,0.0,1.0,0.0,,0.0,0.0,0.0,0.0,,,,0.0,,0.0,0.0,0.0,0.0,0.0,0.0,True,BMUB,0.0,0.0,0.0,2010-01-01
39,0.0,0.0,,1.0,1.0,8.0,2.0,,1.0,,,,0.0,1.0,,,,,,,1.0,0.0,0.0,0.0,9.0,0.0,,0.0,1.0,0.0,0.0,,,,0.0,,0.0,0.0,1.0,1.0,2.0,0.0,False,BMBF,0.0,0.0,0.0,2010-01-01
40,0.0,0.0,,0.0,0.0,2.0,0.0,,0.0,,,,0.0,0.0,,,,,,,0.0,0.0,0.0,0.0,0.0,1.0,,0.0,0.0,0.0,0.0,,,,0.0,,0.0,0.0,0.0,0.0,0.0,0.0,True,BMBF,1.0,0.0,0.0,2010-01-01
42,1.0,0.0,,4.0,4.0,10.0,0.0,,3.0,,,,1.0,4.0,,,,,,,1.0,4.0,0.0,1.0,6.0,4.0,,0.0,0.0,0.0,0.0,,,,0.0,,0.0,2.0,1.0,0.0,0.0,0.0,False,BKM,2.0,1.0,0.0,2010-01-01
43,0.0,0.0,,0.0,1.0,11.0,2.0,,4.0,,,,6.0,0.0,,,,,,,0.0,1.0,1.0,3.0,1.0,1.0,,0.0,0.0,0.0,0.0,,,,0.0,,0.0,0.0,0.0,3.0,2.0,0.0,True,BKM,0.0,1.0,0.0,2010-01-01
45,0.0,1.0,,0.0,0.0,11.0,0.0,,0.0,,,,0.0,2.0,,,,,,,0.0,0.0,2.0,0.0,11.0,0.0,,1.0,0.0,0.0,0.0,,,,0.0,,0.0,0.0,0.0,0.0,0.0,3.0,False,BMZ,0.0,0.0,1.0,2010-01-01
46,0.0,0.0,,0.0,0.0,4.0,0.0,,0.0,,,,0.0,0.0,,,,,,,0.0,0.0,0.0,0.0,1.0,2.0,,0.0,0.0,0.0,0.0,,,,0.0,,0.0,0.0,0.0,0.0,0.0,0.0,False,BPA,1.0,0.0,0.0,2010-01-01
47,0.0,0.0,,0.0,0.0,4.0,0.0,,1.0,,,,0.0,0.0,,,,,,,3.0,0.0,1.0,1.0,0.0,3.0,,0.0,0.0,0.0,0.0,,,,1.0,,0.0,0.0,0.0,1.0,0.0,0.0,False,BPräsA,0.0,0.0,0.0,2010-01-01
0,0.0,0.0,,2.0,2.0,37.0,1.0,,3.0,,,,15.0,2.0,,,,,,,0.0,2.0,0.0,0.0,6.0,8.0,,0.0,1.0,0.0,0.0,,,,1.0,,0.0,2.0,0.0,0.0,3.0,3.0,False,BK,10.0,0.0,1.0,2011-01-01
1,0.0,0.0,,0.0,0.0,0.0,0.0,,0.0,,,,0.0,0.0,,,,,,,0.0,0.0,0.0,0.0,0.0,0.0,,0.0,0.0,0.0,0.0,,,,0.0,,0.0,0.0,0.0,0.0,0.0,0.0,True,BK,0.0,0.0,0.0,2011-01-01
3,0.0,1.0,,3.0,1.0,20.0,2.0,,2.0,,,,9.0,1.0,,,,,,,0.0,1.0,0.0,6.0,6.0,0.0,,0.0,0.0,0.0,1.0,,,,2.0,,0.0,0.0,1.0,3.0,2.0,2.0,False,BMAS,2.0,0.0,1.0,2011-01-01
4,3.0,14.0,,29.0,3.0,315.0,40.0,,55.0,,,,21.0,66.0,,,,,,,1.0,62.0,3.0,133.0,163.0,5.0,,0.0,1.0,0.0,172.0,,,,1.0,,0.0,25.0,7.0,29.0,37.0,14.0,True,BMAS,22.0,4.0,3.0,2011-01-01
6,4.0,2.0,,16.0,4.0,153.0,7.0,,8.0,,,,6.0,38.0,,,,,,,8.0,0.0,30.0,9.0,86.0,41.0,,0.0,0.0,1.0,1.0,,,,6.0,,1.0,0.0,0.0,3.0,5.0,8.0,False,AA,27.0,1.0,7.0,2011-01-01
7,0.0,0.0,,0.0,0.0,0.0,0.0,,0.0,,,,0.0,0.0,,,,,,,0.0,0.0,0.0,0.0,0.0,0.0,,0.0,0.0,0.0,0.0,,,,0.0,,0.0,0.0,0.0,0.0,0.0,0.0,True,AA,0.0,0.0,0.0,2011-01-01
9,1.0,0.0,,4.0,2.0,99.0,6.0,,6.0,,,,39.0,3.0,,,,,,,1.0,1.0,1.0,8.0,26.0,9.0,,0.0,0.0,1.0,0.0,,,,3.0,,1.0,0.0,1.0,4.0,2.0,1.0,False,BMI,21.0,2.0,4.0,2011-01-01
10,2.0,0.0,,4.0,15.0,70.0,6.0,,10.0,,,,6.0,25.0,,,,,,,8.0,10.0,7.0,16.0,22.0,6.0,,0.0,1.0,0.0,0.0,,,,4.0,,0.0,3.0,2.0,5.0,10.0,4.0,True,BMI,24.0,1.0,0.0,2011-01-01
12,0.0,0.0,,5.0,9.0,72.0,4.0,,5.0,,,,11.0,10.0,,,,,,,1.0,5.0,4.0,8.0,30.0,10.0,,2.0,0.0,0.0,0.0,,,,4.0,,0.0,0.0,1.0,5.0,5.0,4.0,False,BMJV,18.0,1.0,1.0,2011-01-01
13,0.0,0.0,,0.0,1.0,26.0,0.0,,0.0,,,,2.0,0.0,,,,,,,0.0,0.0,0.0,0.0,13.0,3.0,,0.0,1.0,0.0,0.0,,,,0.0,,1.0,0.0,1.0,0.0,1.0,1.0,True,BMJV,8.0,0.0,0.0,2011-01-01
15,0.0,0.0,,0.0,6.0,46.0,1.0,,2.0,,,,7.0,4.0,,,,,,,1.0,3.0,0.0,11.0,15.0,3.0,,0.0,0.0,0.0,0.0,,,,1.0,,1.0,1.0,0.0,1.0,0.0,0.0,False,BMF,10.0,0.0,1.0,2011-01-01
16,25.0,1.0,,229.0,89.0,1133.0,311.0,,545.0,,,,55.0,179.0,,,,,,,46.0,50.0,83.0,533.0,468.0,40.0,,2.0,4.0,0.0,7.0,,,,390.0,,4.0,124.0,23.0,401.0,333.0,36.0,True,BMF,266.0,14.0,11.0,2011-01-01
18,0.0,0.0,,7.0,1.0,36.0,1.0,,5.0,,,,8.0,5.0,,,,,,,2.0,3.0,0.0,15.0,10.0,7.0,,0.0,0.0,0.0,0.0,,,,2.0,,0.0,3.0,0.0,2.0,1.0,0.0,False,BMWi,3.0,0.0,0.0,2011-01-01
19,0.0,0.0,,1.0,1.0,453.0,5.0,,3.0,,,,1.0,30.0,,,,,,,5.0,1.0,24.0,23.0,407.0,7.0,,0.0,0.0,0.0,0.0,,,,0.0,,0.0,0.0,2.0,5.0,6.0,2.0,True,BMWi,16.0,0.0,1.0,2011-01-01
21,0.0,1.0,,0.0,1.0,14.0,1.0,,1.0,,,,1.0,5.0,,,,,,,0.0,2.0,3.0,1.0,8.0,3.0,,0.0,1.0,0.0,0.0,,,,1.0,,0.0,0.0,0.0,0.0,1.0,2.0,False,BMEL,1.0,0.0,1.0,2011-01-01
22,0.0,0.0,,6.0,16.0,37.0,0.0,,2.0,,,,4.0,23.0,,,,,,,7.0,11.0,5.0,2.0,26.0,6.0,,0.0,0.0,0.0,0.0,,,,0.0,,0.0,2.0,0.0,0.0,0.0,1.0,True,BMEL,5.0,0.0,1.0,2011-01-01
24,0.0,0.0,,6.0,0.0,36.0,1.0,,2.0,,,,4.0,5.0,,,,,,,2.0,1.0,2.0,2.0,35.0,1.0,,0.0,0.0,0.0,2.0,,,,0.0,,0.0,0.0,0.0,2.0,1.0,0.0,False,BMVg,0.0,0.0,0.0,2011-01-01
25,1.0,0.0,,1.0,1.0,26.0,0.0,,2.0,,,,0.0,1.0,,,,,,,0.0,0.0,1.0,2.0,17.0,1.0,,1.0,2.0,0.0,0.0,,,,0.0,,0.0,0.0,1.0,0.0,0.0,1.0,True,BMVg,7.0,0.0,0.0,2011-01-01
27,0.0,0.0,,1.0,0.0,12.0,0.0,,0.0,,,,1.0,1.0,,,,,,,0.0,0.0,1.0,3.0,4.0,0.0,,1.0,0.0,0.0,0.0,,,,0.0,,0.0,0.0,0.0,0.0,0.0,1.0,False,BMFSFJ,5.0,0.0,0.0,2011-01-01
28,0.0,0.0,,0.0,1.0,8.0,0.0,,1.0,,,,0.0,1.0,,,,,,,0.0,0.0,1.0,1.0,5.0,1.0,,0.0,0.0,0.0,0.0,,,,0.0,,0.0,0.0,0.0,1.0,0.0,0.0,True,BMFSFJ,1.0,0.0,0.0,2011-01-01
30,0.0,0.0,,1.0,0.0,17.0,2.0,,3.0,,,,3.0,1.0,,,,,,,1.0,0.0,0.0,2.0,5.0,2.0,,1.0,1.0,0.0,0.0,,,,2.0,,0.0,1.0,1.0,2.0,1.0,0.0,False,BMG,6.0,0.0,0.0,2011-01-01
31,0.0,0.0,,8.0,13.0,260.0,0.0,,3.0,,,,14.0,22.0,,,,,,,8.0,9.0,5.0,44.0,163.0,27.0,,0.0,1.0,0.0,0.0,,,,1.0,,0.0,2.0,1.0,1.0,0.0,0.0,True,BMG,20.0,0.0,0.0,2011-01-01
33,2.0,0.0,,9.0,12.0,153.0,2.0,,4.0,,,,15.0,23.0,,,,,,,4.0,5.0,14.0,19.0,104.0,5.0,,0.0,2.0,0.0,0.0,,,,2.0,,0.0,3.0,5.0,0.0,0.0,0.0,True,BMVBS,19.0,2.0,2.0,2011-01-01
35,0.0,0.0,,0.0,0.0,2.0,0.0,,0.0,,,,0.0,0.0,,,,,,,0.0,0.0,0.0,0.0,0.0,1.0,,0.0,0.0,0.0,0.0,,,,0.0,,0.0,0.0,0.0,0.0,0.0,0.0,False,BMUB,1.0,0.0,0.0,2011-01-01
36,0.0,0.0,,0.0,0.0,14.0,0.0,,1.0,,,,0.0,0.0,,,,,,,0.0,0.0,0.0,5.0,7.0,2.0,,0.0,0.0,0.0,0.0,,,,0.0,,0.0,1.0,0.0,0.0,0.0,0.0,True,BMUB,0.0,0.0,0.0,2011-01-01
38,0.0,0.0,,0.0,1.0,30.0,0.0,,1.0,,,,10.0,1.0,,,,,,,0.0,0.0,1.0,7.0,8.0,3.0,,0.0,0.0,0.0,0.0,,,,0.0,,0.0,1.0,0.0,0.0,1.0,2.0,False,BMBF,2.0,0.0,1.0,2011-01-01
39,0.0,0.0,,0.0,0.0,0.0,0.0,,0.0,,,,0.0,0.0,,,,,,,0.0,0.0,0.0,0.0,0.0,0.0,,0.0,0.0,0.0,0.0,,,,0.0,,0.0,0.0,0.0,0.0,0.0,0.0,True,BMBF,0.0,0.0,0.0,2011-01-01
41,0.0,0.0,,0.0,0.0,11.0,1.0,,0.0,,,,4.0,0.0,,,,,,,0.0,0.0,0.0,1.0,4.0,0.0,,0.0,0.0,0.0,0.0,,,,0.0,,0.0,0.0,0.0,0.0,1.0,0.0,False,BKM,2.0,0.0,0.0,2011-01-01
42,0.0,2.0,,9.0,2.0,13.0,0.0,,0.0,,,,7.0,2.0,,,,,,,0.0,1.0,1.0,0.0,6.0,4.0,,0.0,0.0,0.0,0.0,,,,0.0,,0.0,0.0,0.0,0.0,0.0,2.0,True,BKM,5.0,0.0,0.0,2011-01-01
44,0.0,0.0,,0.0,0.0,19.0,0.0,,2.0,,,,1.0,2.0,,,,,,,1.0,1.0,0.0,0.0,16.0,2.0,,0.0,0.0,0.0,0.0,,,,1.0,,0.0,2.0,0.0,0.0,0.0,0.0,False,BMZ,0.0,0.0,0.0,2011-01-01
45,0.0,0.0,,0.0,0.0,6.0,0.0,,0.0,,,,0.0,0.0,,,,,,,0.0,0.0,0.0,0.0,4.0,0.0,,0.0,0.0,0.0,0.0,,,,0.0,,0.0,0.0,0.0,0.0,0.0,0.0,False,BPA,2.0,0.0,0.0,2011-01-01
46,0.0,0.0,,1.0,0.0,11.0,0.0,,1.0,,,,0.0,0.0,,,,,,,0.0,0.0,0.0,8.0,2.0,1.0,,0.0,0.0,0.0,0.0,,,,0.0,,0.0,0.0,0.0,1.0,0.0,0.0,False,BPräsA,1.0,0.0,0.0,2011-01-01
47,0.0,1.0,,15.0,0.0,67.0,8.0,,7.0,,,,4.0,0.0,,,,,,,0.0,0.0,0.0,34.0,29.0,4.0,,0.0,0.0,0.0,0.0,,,,6.0,,0.0,0.0,2.0,6.0,9.0,2.0,False,BT,11.0,3.0,0.0,2011-01-01
48,1.0,0.0,,0.0,0.0,13.0,0.0,,2.0,,,,0.0,0.0,,,,,,,0.0,0.0,0.0,7.0,1.0,3.0,,0.0,0.0,0.0,0.0,,,,0.0,,0.0,0.0,0.0,1.0,0.0,0.0,False,BBank,2.0,0.0,0.0,2011-01-01
49,0.0,0.0,,0.0,0.0,26.0,2.0,,0.0,,,,0.0,0.0,,,,,,,0.0,0.0,0.0,0.0,25.0,0.0,,0.0,0.0,0.0,0.0,,,,0.0,,0.0,0.0,0.0,0.0,1.0,0.0,False,BfDI,1.0,0.0,1.0,2011-01-01
0,0.0,1.0,,,,221.0,,3.0,4.0,,208.0,5.0,,21.0,,,,,,,5.0,6.0,10.0,45.0,33.0,26.0,5.0,0.0,2.0,0.0,,,,,,,4.0,,,3.0,,,False,BK,104.0,0.0,4.0,2015-01-01
1,0.0,0.0,,,,16.0,,0.0,0.0,,16.0,0.0,,0.0,,,,,,,0.0,0.0,0.0,10.0,0.0,0.0,0.0,0.0,0.0,0.0,,,,,,,0.0,,,0.0,,,True,BK,6.0,0.0,0.0,2015-01-01
3,0.0,2.0,,,,67.0,,6.0,8.0,,66.0,8.0,,13.0,,,,,,,5.0,4.0,4.0,15.0,26.0,11.0,4.0,0.0,3.0,0.0,,,,,,,6.0,,,3.0,,,False,BMAS,14.0,2.0,2.0,2015-01-01
4,1.0,3.0,,,,867.0,,14.0,26.0,,863.0,23.0,,27.0,,,,,,,7.0,5.0,15.0,38.0,730.0,37.0,6.0,0.0,1.0,1.0,,,,,,,8.0,,,18.0,,,True,BMAS,58.0,3.0,2.0,2015-01-01
6,1.0,1.0,,,,349.0,,6.0,9.0,,331.0,9.0,,43.0,,,,,,,9.0,9.0,25.0,31.0,80.0,35.0,9.0,0.0,0.0,0.0,,,,,,,3.0,,,7.0,,,False,AA,185.0,1.0,8.0,2015-01-01
7,0.0,0.0,,,,0.0,,0.0,0.0,,0.0,0.0,,0.0,,,,,,,0.0,0.0,0.0,0.0,0.0,0.0,0.0,0.0,0.0,0.0,,,,,,,0.0,,,0.0,,,True,AA,0.0,0.0,0.0,2015-01-01
9,0.0,0.0,,,,251.0,,5.0,8.0,,236.0,6.0,,10.0,,,,,,,0.0,10.0,0.0,32.0,120.0,9.0,3.0,0.0,1.0,0.0,,,,,,,5.0,,,4.0,,,False,BMI,75.0,1.0,3.0,2015-01-01
10,3.0,5.0,,,,277.0,,10.0,16.0,,266.0,15.0,,9.0,,,,,,,0.0,7.0,2.0,35.0,93.0,47.0,12.0,1.0,0.0,0.0,,,,,,,5.0,,,10.0,,,True,BMI,91.0,2.0,6.0,2015-01-01
12,2.0,1.0,,,,118.0,,1.0,5.0,,110.0,6.0,,12.0,,,,,,,2.0,7.0,3.0,15.0,43.0,7.0,1.0,0.0,1.0,0.0,,,,,,,2.0,,,1.0,,,False,BMJV,45.0,2.0,0.0,2015-01-01
13,2.0,0.0,,,,99.0,,5.0,9.0,,90.0,9.0,,11.0,,,,,,,3.0,2.0,6.0,10.0,30.0,19.0,1.0,0.0,0.0,0.0,,,,,,,3.0,,,7.0,,,True,BMJV,31.0,0.0,1.0,2015-01-01
15,1.0,0.0,,,,1443.0,,358.0,887.0,,9430.0,2515.0,,10.0,,,,,,,2.0,1.0,1.0,825.0,1521.0,6969.0,6.0,0.0,3.0,1.0,,,,,,,30.0,,,2509.0,,,False,BMF,413.0,13.0,5.0,2015-01-01
16,6.0,213.0,,,,2727.0,,512.0,1199.0,,2809.0,798.0,,1115.0,,,,,,,717.0,177.0,221.0,101.0,1224.0,1161.0,374.0,2.0,2.0,1.0,,,,,,,733.0,,,768.0,,,True,BMF,326.0,22.0,158.0,2015-01-01
18,0.0,0.0,,,,165.0,,10.0,7.0,,144.0,6.0,,11.0,,,,,,,5.0,6.0,0.0,41.0,41.0,20.0,1.0,0.0,0.0,0.0,,,,,,,3.0,,,3.0,,,False,BMWi,42.0,3.0,1.0,2015-01-01
19,0.0,0.0,,,,558.0,,4.0,15.0,,540.0,14.0,,46.0,,,,,,,5.0,11.0,30.0,114.0,349.0,29.0,1.0,0.0,0.0,0.0,,,,,,,2.0,,,11.0,,,True,BMWi,48.0,3.0,1.0,2015-01-01
21,0.0,0.0,,,,19.0,,0.0,0.0,,15.0,0.0,,2.0,,,,,,,0.0,2.0,0.0,2.0,10.0,1.0,0.0,0.0,0.0,0.0,,,,,,,0.0,,,0.0,,,False,BMEL,2.0,0.0,0.0,2015-01-01
22,0.0,0.0,,,,59.0,,0.0,1.0,,61.0,1.0,,58.0,,,,,,,24.0,29.0,5.0,7.0,46.0,3.0,0.0,0.0,0.0,0.0,,,,,,,0.0,,,1.0,,,True,BMEL,5.0,0.0,0.0,2015-01-01
24,0.0,0.0,,,,71.0,,0.0,6.0,,72.0,8.0,,0.0,,,,,,,0.0,0.0,0.0,11.0,48.0,9.0,0.0,0.0,1.0,0.0,,,,,,,4.0,,,6.0,,,False,BMVg,4.0,1.0,0.0,2015-01-01
25,1.0,0.0,,,,39.0,,0.0,2.0,,38.0,1.0,,0.0,,,,,,,0.0,0.0,0.0,7.0,11.0,6.0,1.0,1.0,0.0,0.0,,,,,,,0.0,,,0.0,,,True,BMVg,14.0,0.0,0.0,2015-01-01
26,0.0,0.0,,,,23.0,,0.0,0.0,,22.0,0.0,,0.0,,,,,,,0.0,0.0,0.0,3.0,5.0,4.0,0.0,0.0,0.0,0.0,,,,,,,0.0,,,0.0,,,False,BMFSFJ,10.0,0.0,0.0,2015-01-01
27,0.0,1.0,,,,36.0,,4.0,3.0,,40.0,4.0,,5.0,,,,,,,2.0,0.0,3.0,8.0,27.0,3.0,3.0,0.0,1.0,0.0,,,,,,,2.0,,,3.0,,,True,BMFSFJ,2.0,0.0,2.0,2015-01-01
29,0.0,0.0,,,,32.0,,1.0,2.0,,33.0,0.0,,2.0,,,,,,,0.0,2.0,0.0,6.0,16.0,1.0,0.0,0.0,0.0,0.0,,,,,,,0.0,,,0.0,,,False,BMG,10.0,0.0,0.0,2015-01-01
30,1.0,0.0,,,,218.0,,3.0,5.0,,199.0,4.0,,37.0,,,,,,,8.0,27.0,2.0,8.0,117.0,21.0,3.0,1.0,0.0,0.0,,,,,,,1.0,,,3.0,,,True,BMG,53.0,0.0,2.0,2015-01-01
32,1.0,1.0,,,,40.0,,0.0,3.0,,37.0,1.0,,6.0,,,,,,,1.0,2.0,3.0,9.0,9.0,11.0,2.0,0.0,0.0,0.0,,,,,,,0.0,,,0.0,,,False,BMVBS,8.0,0.0,1.0,2015-01-01
33,0.0,0.0,,,,150.0,,0.0,6.0,,142.0,6.0,,29.0,,,,,,,5.0,15.0,9.0,11.0,99.0,9.0,1.0,0.0,4.0,0.0,,,,,,,6.0,,,2.0,,,True,BMVBS,23.0,0.0,1.0,2015-01-01
35,0.0,0.0,,,,8.0,,0.0,0.0,,8.0,0.0,,0.0,,,,,,,0.0,0.0,0.0,0.0,6.0,0.0,0.0,0.0,0.0,0.0,,,,,,,0.0,,,0.0,,,False,BMUB,2.0,0.0,0.0,2015-01-01
36,0.0,0.0,,,,18.0,,0.0,1.0,,19.0,1.0,,0.0,,,,,,,0.0,0.0,0.0,3.0,13.0,1.0,0.0,0.0,0.0,0.0,,,,,,,0.0,,,1.0,,,True,BMUB,2.0,0.0,0.0,2015-01-01
38,0.0,0.0,,,,46.0,,0.0,0.0,,52.0,0.0,,0.0,,,,,,,0.0,0.0,0.0,22.0,22.0,2.0,0.0,0.0,0.0,0.0,,,,,,,0.0,,,0.0,,,False,BMBF,6.0,0.0,0.0,2015-01-01
39,0.0,0.0,,,,0.0,,0.0,0.0,,0.0,0.0,,0.0,,,,,,,0.0,0.0,0.0,0.0,0.0,0.0,0.0,0.0,0.0,0.0,,,,,,,0.0,,,0.0,,,True,BMBF,0.0,0.0,0.0,2015-01-01
41,0.0,0.0,,,,36.0,,1.0,0.0,,26.0,1.0,,1.0,,,,,,,1.0,0.0,0.0,10.0,4.0,4.0,0.0,0.0,0.0,0.0,,,,,,,1.0,,,1.0,,,False,BKM,8.0,0.0,0.0,2015-01-01
42,0.0,0.0,,,,15.0,,0.0,0.0,,9.0,0.0,,2.0,,,,,,,0.0,0.0,2.0,1.0,4.0,3.0,0.0,0.0,0.0,0.0,,,,,,,0.0,,,0.0,,,True,BKM,1.0,0.0,0.0,2015-01-01
44,1.0,0.0,,,,156.0,,0.0,1.0,,155.0,2.0,,1.0,,,,,,,0.0,1.0,0.0,1.0,6.0,3.0,0.0,0.0,1.0,0.0,,,,,,,0.0,,,0.0,,,False,BMZ,145.0,0.0,0.0,2015-01-01
45,0.0,0.0,,,,61.0,,0.0,0.0,,60.0,0.0,,0.0,,,,,,,0.0,0.0,0.0,2.0,40.0,0.0,0.0,0.0,0.0,0.0,,,,,,,0.0,,,0.0,,,False,BPA,18.0,0.0,0.0,2015-01-01
46,0.0,0.0,,,,38.0,,0.0,0.0,,38.0,0.0,,0.0,,,,,,,0.0,0.0,0.0,11.0,6.0,8.0,0.0,0.0,0.0,0.0,,,,,,,0.0,,,0.0,,,False,BPräsA,13.0,0.0,0.0,2015-01-01
47,0.0,0.0,,,,884.0,,2.0,10.0,,711.0,3.0,,5.0,,,,,,,1.0,3.0,1.0,170.0,209.0,47.0,3.0,3.0,0.0,0.0,,,,,,,1.0,,,1.0,,,False,BT,285.0,2.0,0.0,2015-01-01
48,0.0,0.0,,,,15.0,,0.0,0.0,,15.0,0.0,,0.0,,,,,,,0.0,0.0,0.0,1.0,9.0,5.0,0.0,0.0,0.0,0.0,,,,,,,0.0,,,0.0,,,False,BR,0.0,0.0,0.0,2015-01-01
49,0.0,0.0,,,,14.0,,0.0,0.0,,10.0,0.0,,1.0,,,,,,,0.0,0.0,1.0,0.0,7.0,0.0,0.0,0.0,0.0,0.0,,,,,,,0.0,,,0.0,,,False,BBank,3.0,0.0,0.0,2015-01-01
50,0.0,0.0,,,,227.0,,0.0,1.0,,42.0,0.0,,0.0,,,,,,,0.0,0.0,0.0,6.0,25.0,6.0,0.0,0.0,0.0,0.0,,,,,,,0.0,,,0.0,,,False,BfDI,5.0,0.0,0.0,2015-01-01
51,0.0,0.0,,,,9.0,,0.0,0.0,,9.0,1.0,,0.0,,,,,,,0.0,0.0,0.0,0.0,3.0,4.0,0.0,0.0,0.0,0.0,,,,,,,0.0,,,0.0,,,False,BVerfG,2.0,1.0,0.0,2015-01-01
52,0.0,0.0,,,,4.0,,0.0,0.0,,5.0,0.0,,0.0,,,,,,,0.0,0.0,0.0,1.0,1.0,0.0,0.0,0.0,0.0,0.0,,,,,,,0.0,,,0.0,,,False,BRH,3.0,0.0,0.0,2015-01-01
0,0.0,1.0,,,,100.0,,6.0,,15.0,101.0,9.0,,19.0,,,,,,,4.0,12.0,3.0,16.0,17.0,25.0,4.0,1.0,5.0,1.0,,,,,,,7.0,,,4.0,,,False,BK,43.0,0.0,1.0,2014-01-01
1,0.0,0.0,,,,18.0,,0.0,,1.0,18.0,1.0,,0.0,,,,,,,0.0,0.0,0.0,18.0,0.0,0.0,0.0,0.0,0.0,0.0,,,,,,,0.0,,,1.0,,,True,BK,0.0,0.0,0.0,2014-01-01
3,1.0,0.0,,,,74.0,,2.0,,5.0,69.0,5.0,,8.0,,,,,,,2.0,5.0,1.0,19.0,30.0,4.0,0.0,0.0,0.0,0.0,,,,,,,2.0,,,2.0,,,False,BMAS,16.0,2.0,0.0,2014-01-01
4,48.0,1.0,,,,540.0,,8.0,,15.0,521.0,60.0,,9.0,,,,,,,2.0,3.0,4.0,38.0,416.0,15.0,1.0,0.0,0.0,0.0,,,,,,,7.0,,,11.0,,,True,BMAS,52.0,1.0,0.0,2014-01-01
6,0.0,0.0,,,,206.0,,10.0,,13.0,192.0,13.0,,33.0,,,,,,,4.0,4.0,25.0,21.0,77.0,33.0,3.0,0.0,0.0,0.0,,,,,,,6.0,,,11.0,,,False,AA,61.0,2.0,3.0,2014-01-01
7,0.0,0.0,,,,0.0,,0.0,,0.0,0.0,0.0,,0.0,,,,,,,0.0,0.0,0.0,0.0,0.0,0.0,0.0,0.0,0.0,0.0,,,,,,,0.0,,,0.0,,,True,AA,0.0,0.0,0.0,2014-01-01
9,1.0,1.0,,,,274.0,,4.0,,5.0,273.0,3.0,,7.0,,,,,,,1.0,6.0,0.0,14.0,52.0,104.0,8.0,5.0,1.0,0.0,,,,,,,2.0,,,1.0,,,False,BMI,103.0,0.0,2.0,2014-01-01
10,0.0,0.0,,,,167.0,,1.0,,8.0,170.0,6.0,,6.0,,,,,,,1.0,4.0,1.0,37.0,64.0,29.0,0.0,0.0,1.0,0.0,,,,,,,3.0,,,4.0,,,True,BMI,40.0,1.0,0.0,2014-01-01
12,0.0,0.0,,,,75.0,,1.0,,5.0,72.0,5.0,,6.0,,,,,,,4.0,1.0,1.0,8.0,25.0,4.0,1.0,0.0,2.0,0.0,,,,,,,5.0,,,3.0,,,False,BMJV,35.0,0.0,1.0,2014-01-01
13,1.0,1.0,,,,48.0,,0.0,,6.0,56.0,3.0,,6.0,,,,,,,2.0,2.0,2.0,1.0,18.0,19.0,2.0,0.0,0.0,0.0,,,,,,,1.0,,,1.0,,,True,BMJV,18.0,1.0,1.0,2014-01-01
15,1.0,0.0,,,,1953.0,,0.0,,942.0,2351.0,39.0,,31.0,,,,,,,24.0,7.0,0.0,20.0,639.0,1186.0,0.0,0.0,0.0,0.0,,,,,,,37.0,,,38.0,,,False,BMF,676.0,0.0,0.0,2014-01-01
16,4.0,0.0,,,,3238.0,,464.0,,1238.0,2996.0,1158.0,,494.0,,,,,,,168.0,128.0,198.0,86.0,979.0,1665.0,35.0,0.0,1.0,1.0,,,,,,,1137.0,,,1146.0,,,True,BMF,371.0,55.0,34.0,2014-01-01
18,0.0,0.0,,,,80.0,,2.0,,7.0,76.0,2.0,,4.0,,,,,,,1.0,2.0,1.0,31.0,26.0,13.0,0.0,0.0,1.0,0.0,,,,,,,2.0,,,1.0,,,False,BMWi,6.0,0.0,0.0,2014-01-01
19,0.0,0.0,,,,769.0,,2.0,,4.0,745.0,4.0,,60.0,,,,,,,3.0,10.0,47.0,187.0,359.0,56.0,1.0,0.0,0.0,0.0,,,,,,,3.0,,,3.0,,,True,BMWi,143.0,1.0,1.0,2014-01-01
21,0.0,0.0,,,,9.0,,0.0,,1.0,9.0,1.0,,0.0,,,,,,,0.0,0.0,0.0,0.0,5.0,2.0,0.0,0.0,0.0,0.0,,,,,,,1.0,,,1.0,,,False,BMEL,2.0,0.0,0.0,2014-01-01
22,0.0,0.0,,,,64.0,,1.0,,3.0,71.0,1.0,,46.0,,,,,,,9.0,28.0,9.0,4.0,64.0,2.0,0.0,0.0,0.0,0.0,,,,,,,0.0,,,0.0,,,True,BMEL,1.0,1.0,0.0,2014-01-01
24,2.0,0.0,,,,70.0,,0.0,,6.0,67.0,5.0,,3.0,,,,,,,0.0,1.0,2.0,11.0,38.0,6.0,0.0,0.0,0.0,0.0,,,,,,,1.0,,,3.0,,,False,BMVg,12.0,0.0,0.0,2014-01-01
25,0.0,0.0,,,,21.0,,0.0,,1.0,21.0,0.0,,2.0,,,,,,,0.0,0.0,2.0,4.0,10.0,3.0,0.0,0.0,0.0,0.0,,,,,,,0.0,,,0.0,,,True,BMVg,4.0,0.0,0.0,2014-01-01
27,0.0,0.0,,,,16.0,,0.0,,1.0,18.0,1.0,,2.0,,,,,,,0.0,1.0,1.0,1.0,8.0,5.0,1.0,0.0,1.0,1.0,,,,,,,0.0,,,0.0,,,False,BMFSFJ,4.0,0.0,0.0,2014-01-01
28,0.0,0.0,,,,29.0,,1.0,,2.0,23.0,1.0,,0.0,,,,,,,0.0,0.0,0.0,4.0,11.0,3.0,2.0,0.0,0.0,0.0,,,,,,,0.0,,,1.0,,,True,BMFSFJ,5.0,0.0,2.0,2014-01-01
30,1.0,0.0,,,,22.0,,0.0,,0.0,19.0,1.0,,0.0,,,,,,,0.0,0.0,0.0,2.0,9.0,3.0,0.0,0.0,0.0,0.0,,,,,,,0.0,,,0.0,,,False,BMG,5.0,0.0,0.0,2014-01-01
31,0.0,1.0,,,,136.0,,6.0,,3.0,129.0,7.0,,26.0,,,,,,,0.0,26.0,0.0,2.0,81.0,14.0,4.0,0.0,1.0,1.0,,,,,,,1.0,,,6.0,,,True,BMG,32.0,0.0,2.0,2014-01-01
33,2.0,0.0,,,,35.0,,0.0,,3.0,35.0,4.0,,2.0,,,,,,,1.0,1.0,0.0,4.0,8.0,16.0,2.0,0.0,0.0,0.0,,,,,,,1.0,,,1.0,,,False,BMVBS,7.0,1.0,2.0,2014-01-01
34,5.0,0.0,,,,169.0,,1.0,,9.0,168.0,7.0,,19.0,,,,,,,2.0,12.0,5.0,12.0,118.0,14.0,0.0,0.0,0.0,0.0,,,,,,,2.0,,,1.0,,,True,BMVBS,24.0,1.0,0.0,2014-01-01
36,0.0,0.0,,,,15.0,,0.0,,0.0,15.0,0.0,,0.0,,,,,,,0.0,0.0,0.0,1.0,8.0,0.0,0.0,0.0,0.0,0.0,,,,,,,0.0,,,0.0,,,False,BMUB,6.0,0.0,0.0,2014-01-01
37,0.0,0.0,,,,26.0,,0.0,,3.0,26.0,2.0,,1.0,,,,,,,1.0,0.0,0.0,1.0,19.0,3.0,0.0,0.0,0.0,0.0,,,,,,,0.0,,,2.0,,,True,BMUB,3.0,0.0,0.0,2014-01-01
39,1.0,0.0,,,,26.0,,0.0,,3.0,23.0,5.0,,7.0,,,,,,,2.0,2.0,3.0,9.0,5.0,0.0,0.0,0.0,2.0,0.0,,,,,,,2.0,,,1.0,,,False,BMBF,9.0,1.0,0.0,2014-01-01
40,0.0,0.0,,,,1.0,,0.0,,0.0,1.0,0.0,,0.0,,,,,,,0.0,0.0,0.0,0.0,0.0,0.0,0.0,0.0,0.0,0.0,,,,,,,0.0,,,0.0,,,True,BMBF,1.0,0.0,0.0,2014-01-01
42,0.0,0.0,,,,22.0,,0.0,,0.0,22.0,0.0,,2.0,,,,,,,2.0,0.0,0.0,1.0,7.0,1.0,0.0,0.0,0.0,0.0,,,,,,,0.0,,,0.0,,,False,BKM,13.0,0.0,0.0,2014-01-01
43,0.0,0.0,,,,13.0,,0.0,,2.0,15.0,0.0,,3.0,,,,,,,0.0,0.0,3.0,1.0,4.0,5.0,0.0,0.0,0.0,0.0,,,,,,,0.0,,,0.0,,,True,BKM,5.0,0.0,0.0,2014-01-01
45,0.0,0.0,,,,19.0,,0.0,,1.0,14.0,0.0,,2.0,,,,,,,0.0,1.0,1.0,1.0,13.0,0.0,0.0,0.0,0.0,0.0,,,,,,,0.0,,,0.0,,,False,BMZ,0.0,0.0,0.0,2014-01-01
46,0.0,0.0,,,,40.0,,0.0,,0.0,35.0,0.0,,1.0,,,,,,,0.0,1.0,0.0,3.0,25.0,0.0,0.0,0.0,0.0,0.0,,,,,,,0.0,,,0.0,,,False,BPA,7.0,0.0,0.0,2014-01-01
47,0.0,0.0,,,,126.0,,0.0,,0.0,126.0,0.0,,0.0,,,,,,,0.0,0.0,0.0,61.0,16.0,13.0,0.0,0.0,0.0,0.0,,,,,,,0.0,,,0.0,,,False,BPräsA,36.0,0.0,0.0,2014-01-01
48,0.0,1.0,,,,218.0,,5.0,,10.0,174.0,7.0,,1.0,,,,,,,0.0,1.0,0.0,91.0,30.0,35.0,2.0,0.0,0.0,1.0,,,,,,,4.0,,,5.0,,,False,BT,18.0,2.0,0.0,2014-01-01
49,0.0,0.0,,,,9.0,,0.0,,0.0,10.0,0.0,,0.0,,,,,,,0.0,0.0,0.0,1.0,7.0,1.0,0.0,0.0,0.0,0.0,,,,,,,0.0,,,0.0,,,False,BR,1.0,0.0,0.0,2014-01-01
50,0.0,0.0,,,,10.0,,0.0,,0.0,9.0,0.0,,0.0,,,,,,,0.0,0.0,0.0,2.0,6.0,1.0,0.0,0.0,0.0,0.0,,,,,,,0.0,,,0.0,,,False,BBank,0.0,0.0,0.0,2014-01-01
51,0.0,0.0,,,,30.0,,0.0,,0.0,29.0,0.0,,0.0,,,,,,,0.0,0.0,0.0,6.0,22.0,0.0,0.0,0.0,0.0,0.0,,,,,,,0.0,,,0.0,,,False,BfDI,1.0,0.0,0.0,2014-01-01
52,0.0,0.0,,,,5.0,,0.0,,0.0,4.0,0.0,,0.0,,,,,,,0.0,0.0,0.0,0.0,2.0,0.0,0.0,0.0,0.0,0.0,,,,,,,0.0,,,0.0,,,False,BRH,2.0,0.0,0.0,2014-01-01
0,0.0,2.0,,,,363.0,,3.0,12.0,,367.0,13.0,,28.0,,,,,,,4.0,12.0,12.0,31.0,23.0,31.0,6.0,0.0,2.0,0.0,,,,,,,13.0,,,11.0,,,False,BK,282.0,0.0,4.0,2016-01-01
1,0.0,0.0,,,,10.0,,0.0,0.0,,10.0,0.0,,0.0,,,,,,,0.0,0.0,0.0,10.0,0.0,0.0,0.0,0.0,0.0,0.0,,,,,,,0.0,,,0.0,,,True,BK,0.0,0.0,0.0,2016-01-01
3,0.0,6.0,,,,88.0,,1.0,6.0,,85.0,5.0,,4.0,,,,,,,0.0,3.0,1.0,10.0,36.0,7.0,6.0,0.0,1.0,0.0,,,,,,,3.0,,,4.0,,,False,BMAS,32.0,0.0,0.0,2016-01-01
4,6.0,3.0,,,,1198.0,,7.0,26.0,,1185.0,15.0,,26.0,,,,,,,6.0,11.0,9.0,55.0,1026.0,37.0,7.0,0.0,1.0,0.0,,,,,,,4.0,,,6.0,,,True,BMAS,67.0,2.0,4.0,2016-01-01
6,1.0,4.0,,,,251.0,,8.0,8.0,,273.0,8.0,,26.0,,,,,,,11.0,6.0,9.0,27.0,67.0,42.0,10.0,0.0,1.0,1.0,,,,,,,1.0,,,5.0,,,False,AA,137.0,1.0,5.0,2016-01-01
7,0.0,0.0,,,,0.0,,0.0,0.0,,0.0,0.0,,0.0,,,,,,,0.0,0.0,0.0,0.0,0.0,0.0,0.0,0.0,0.0,0.0,,,,,,,0.0,,,0.0,,,True,AA,0.0,0.0,0.0,2016-01-01
9,0.0,2.0,,,,251.0,,3.0,6.0,,253.0,7.0,,13.0,,,,,,,6.0,7.0,0.0,32.0,115.0,17.0,3.0,1.0,0.0,0.0,,,,,,,6.0,,,6.0,,,False,BMI,89.0,1.0,0.0,2016-01-01
10,0.0,6.0,,,,258.0,,9.0,7.0,,242.0,9.0,,4.0,,,,,,,1.0,3.0,0.0,71.0,70.0,29.0,13.0,1.0,0.0,0.0,,,,,,,4.0,,,6.0,,,True,BMI,72.0,3.0,6.0,2016-01-01
12,0.0,0.0,,,,115.0,,3.0,4.0,,117.0,4.0,,16.0,,,,,,,5.0,8.0,3.0,13.0,31.0,9.0,0.0,0.0,1.0,0.0,,,,,,,3.0,,,3.0,,,False,BMJV,64.0,0.0,0.0,2016-01-01
13,0.0,1.0,,,,81.0,,4.0,3.0,,75.0,3.0,,11.0,,,,,,,2.0,2.0,7.0,3.0,33.0,20.0,7.0,0.0,1.0,0.0,,,,,,,1.0,,,0.0,,,True,BMJV,19.0,2.0,6.0,2016-01-01
15,2.0,3.0,,,,263.0,,49.0,666.0,,2053.0,631.0,,6.0,,,,,,,6.0,0.0,0.0,122.0,109.0,1674.0,48.0,0.0,3.0,0.0,,,,,,,6.0,,,626.0,,,False,BMF,148.0,0.0,45.0,2016-01-01
16,2.0,0.0,,,,3343.0,,309.0,242.0,,3353.0,740.0,,716.0,,,,,,,209.0,231.0,276.0,103.0,2549.0,160.0,292.0,0.0,131.0,0.0,,,,,,,452.0,,,331.0,,,True,BMF,541.0,276.0,292.0,2016-01-01
18,0.0,0.0,,,,150.0,,2.0,11.0,,160.0,8.0,,23.0,,,,,,,5.0,18.0,0.0,56.0,43.0,27.0,0.0,0.0,0.0,0.0,,,,,,,5.0,,,5.0,,,False,BMWi,34.0,3.0,0.0,2016-01-01
19,0.0,0.0,,,,579.0,,0.0,13.0,,531.0,2.0,,47.0,,,,,,,1.0,17.0,29.0,60.0,338.0,47.0,0.0,0.0,1.0,0.0,,,,,,,1.0,,,1.0,,,True,BMWi,86.0,0.0,0.0,2016-01-01
21,0.0,0.0,,,,42.0,,0.0,1.0,,41.0,1.0,,1.0,,,,,,,1.0,0.0,0.0,3.0,11.0,8.0,0.0,0.0,0.0,0.0,,,,,,,1.0,,,0.0,,,False,BMEL,19.0,1.0,0.0,2016-01-01
22,0.0,0.0,,,,42.0,,0.0,3.0,,42.0,0.0,,22.0,,,,,,,7.0,8.0,7.0,2.0,24.0,7.0,0.0,0.0,0.0,0.0,,,,,,,0.0,,,0.0,,,True,BMEL,9.0,0.0,0.0,2016-01-01
24,1.0,0.0,,,,125.0,,1.0,7.0,,129.0,6.0,,6.0,,,,,,,1.0,5.0,0.0,19.0,58.0,17.0,0.0,0.0,0.0,0.0,,,,,,,4.0,,,4.0,,,False,BMVg,35.0,1.0,0.0,2016-01-01
25,0.0,0.0,,,,21.0,,0.0,0.0,,21.0,1.0,,2.0,,,,,,,1.0,1.0,0.0,2.0,9.0,5.0,0.0,0.0,0.0,0.0,,,,,,,0.0,,,1.0,,,True,BMVg,5.0,0.0,0.0,2016-01-01
27,0.0,0.0,,,,64.0,,0.0,0.0,,62.0,0.0,,0.0,,,,,,,0.0,0.0,0.0,2.0,23.0,6.0,0.0,0.0,0.0,0.0,,,,,,,0.0,,,0.0,,,False,BMFSFJ,31.0,0.0,0.0,2016-01-01
28,0.0,2.0,,,,31.0,,1.0,1.0,,35.0,1.0,,6.0,,,,,,,1.0,5.0,0.0,1.0,31.0,3.0,3.0,0.0,0.0,0.0,,,,,,,0.0,,,1.0,,,True,BMFSFJ,0.0,0.0,1.0,2016-01-01
30,0.0,0.0,,,,65.0,,2.0,2.0,,60.0,2.0,,4.0,,,,,,,1.0,1.0,2.0,4.0,25.0,7.0,1.0,0.0,0.0,0.0,,,,,,,2.0,,,2.0,,,False,BMG,24.0,0.0,1.0,2016-01-01
31,0.0,0.0,,,,210.0,,4.0,5.0,,200.0,5.0,,45.0,,,,,,,4.0,40.0,1.0,14.0,117.0,14.0,0.0,0.0,1.0,0.0,,,,,,,1.0,,,4.0,,,True,BMG,55.0,0.0,0.0,2016-01-01
33,0.0,0.0,,,,52.0,,1.0,7.0,,55.0,5.0,,1.0,,,,,,,0.0,1.0,0.0,11.0,12.0,14.0,0.0,0.0,1.0,0.0,,,,,,,2.0,,,3.0,,,False,BMVBS,18.0,1.0,0.0,2016-01-01
34,1.0,1.0,,,,216.0,,4.0,12.0,,203.0,9.0,,23.0,,,,,,,3.0,10.0,10.0,36.0,110.0,38.0,4.0,0.0,0.0,0.0,,,,,,,0.0,,,8.0,,,True,BMVBS,19.0,0.0,3.0,2016-01-01
36,0.0,0.0,,,,22.0,,0.0,0.0,,19.0,0.0,,0.0,,,,,,,0.0,0.0,0.0,1.0,14.0,3.0,0.0,0.0,0.0,0.0,,,,,,,0.0,,,0.0,,,False,BMUB,1.0,0.0,0.0,2016-01-01
37,0.0,0.0,,,,44.0,,0.0,0.0,,41.0,0.0,,0.0,,,,,,,0.0,0.0,0.0,2.0,27.0,2.0,0.0,0.0,0.0,0.0,,,,,,,0.0,,,0.0,,,True,BMUB,10.0,0.0,0.0,2016-01-01
39,0.0,0.0,,,,64.0,,0.0,0.0,,61.0,0.0,,0.0,,,,,,,0.0,0.0,0.0,5.0,25.0,4.0,0.0,0.0,0.0,0.0,,,,,,,0.0,,,0.0,,,False,BMBF,27.0,0.0,0.0,2016-01-01
40,0.0,0.0,,,,1.0,,0.0,0.0,,1.0,0.0,,0.0,,,,,,,0.0,0.0,0.0,0.0,0.0,1.0,0.0,0.0,0.0,0.0,,,,,,,0.0,,,0.0,,,True,BMBF,0.0,0.0,0.0,2016-01-01
42,0.0,0.0,,,,37.0,,0.0,1.0,,41.0,1.0,,5.0,,,,,,,0.0,5.0,0.0,3.0,22.0,0.0,0.0,0.0,1.0,0.0,,,,,,,0.0,,,0.0,,,False,BKM,16.0,0.0,0.0,2016-01-01
43,0.0,0.0,,,,15.0,,0.0,0.0,,12.0,0.0,,2.0,,,,,,,0.0,0.0,2.0,3.0,2.0,1.0,0.0,0.0,0.0,0.0,,,,,,,0.0,,,0.0,,,True,BKM,6.0,0.0,0.0,2016-01-01
45,0.0,0.0,,,,39.0,,1.0,1.0,,39.0,1.0,,4.0,,,,,,,1.0,1.0,2.0,4.0,13.0,4.0,0.0,0.0,0.0,0.0,,,,,,,1.0,,,1.0,,,False,BMZ,18.0,0.0,0.0,2016-01-01
46,0.0,0.0,,,,72.0,,0.0,0.0,,72.0,0.0,,1.0,,,,,,,1.0,0.0,0.0,0.0,44.0,1.0,0.0,0.0,0.0,0.0,,,,,,,0.0,,,0.0,,,False,BPA,27.0,0.0,0.0,2016-01-01
47,0.0,0.0,,,,36.0,,0.0,3.0,,36.0,2.0,,0.0,,,,,,,0.0,0.0,0.0,18.0,11.0,4.0,0.0,0.0,1.0,0.0,,,,,,,0.0,,,1.0,,,False,BPräsA,3.0,0.0,0.0,2016-01-01
48,2.0,1.0,,,,526.0,,7.0,26.0,,718.0,31.0,,0.0,,,,,,,0.0,0.0,0.0,284.0,80.0,31.0,7.0,0.0,0.0,0.0,,,,,,,13.0,,,13.0,,,False,BT,323.0,16.0,6.0,2016-01-01
49,0.0,0.0,,,,7.0,,0.0,0.0,,6.0,0.0,,0.0,,,,,,,0.0,0.0,0.0,2.0,3.0,0.0,0.0,0.0,0.0,0.0,,,,,,,0.0,,,0.0,,,False,BR,1.0,0.0,0.0,2016-01-01
50,0.0,0.0,,,,41.0,,0.0,1.0,,46.0,0.0,,1.0,,,,,,,0.0,0.0,1.0,6.0,39.0,0.0,0.0,0.0,0.0,0.0,,,,,,,0.0,,,0.0,,,False,BBank,1.0,0.0,0.0,2016-01-01
51,0.0,0.0,,,,3.0,,0.0,0.0,,6.0,0.0,,0.0,,,,,,,0.0,0.0,0.0,2.0,3.0,1.0,0.0,0.0,0.0,0.0,,,,,,,0.0,,,0.0,,,False,BVerfG,0.0,0.0,0.0,2016-01-01
52,0.0,0.0,,,,123.0,,0.0,3.0,,301.0,1.0,,0.0,,,,,,,0.0,0.0,0.0,13.0,30.0,2.0,0.0,0.0,0.0,0.0,,,,,,,1.0,,,1.0,,,False,BfDI,256.0,0.0,0.0,2016-01-01
53,0.0,0.0,,,,7.0,,0.0,0.0,,7.0,0.0,,0.0,,,,,,,0.0,0.0,0.0,0.0,4.0,0.0,0.0,0.0,0.0,0.0,,,,,,,0.0,,,0.0,,,False,BRH,3.0,0.0,0.0,2016-01-01
0,1.0,1.0,,,,276.0,,9.0,13.0,,267.0,10.0,,20.0,,,,,,,1.0,5.0,14.0,19.0,18.0,20.0,6.0,0.0,0.0,0.0,,,,,,,7.0,,,8.0,,,False,BK,210.0,1.0,5.0,2017-01-01
1,0.0,0.0,,,,2.0,,0.0,0.0,,2.0,0.0,,0.0,,,,,,,0.0,0.0,0.0,2.0,0.0,0.0,0.0,0.0,0.0,0.0,,,,,,,0.0,,,0.0,,,True,BK,0.0,0.0,0.0,2017-01-01
3,0.0,0.0,,,,124.0,,1.0,0.0,,127.0,1.0,,2.0,,,,,,,2.0,0.0,0.0,6.0,32.0,10.0,0.0,0.0,0.0,0.0,,,,,,,0.0,,,1.0,,,False,BMAS,79.0,0.0,0.0,2017-01-01
4,6.0,0.0,,,,1188.0,,6.0,26.0,,1200.0,17.0,,22.0,,,,,,,5.0,10.0,7.0,46.0,1079.0,29.0,4.0,0.0,1.0,0.0,,,,,,,8.0,,,9.0,,,True,BMAS,46.0,1.0,4.0,2017-01-01
6,0.0,2.0,,,,341.0,,0.0,9.0,,283.0,8.0,,48.0,,,,,,,7.0,2.0,39.0,23.0,98.0,25.0,5.0,0.0,3.0,0.0,,,,,,,6.0,,,4.0,,,False,AA,137.0,1.0,3.0,2017-01-01
7,0.0,0.0,,,,0.0,,0.0,0.0,,0.0,0.0,,0.0,,,,,,,0.0,0.0,0.0,0.0,0.0,0.0,0.0,0.0,0.0,0.0,,,,,,,0.0,,,0.0,,,True,AA,0.0,0.0,0.0,2017-01-01
9,0.0,1.0,,,,580.0,,2.0,8.0,,591.0,9.0,,12.0,,,,,,,1.0,10.0,1.0,29.0,113.0,16.0,3.0,0.0,2.0,1.0,,,,,,,5.0,,,5.0,,,False,BMI,433.0,2.0,1.0,2017-01-01
10,1.0,1.0,,,,329.0,,2.0,13.0,,310.0,13.0,,11.0,,,,,,,2.0,1.0,8.0,67.0,141.0,31.0,2.0,0.0,0.0,0.0,,,,,,,3.0,,,6.0,,,True,BMI,71.0,6.0,1.0,2017-01-01
12,0.0,1.0,,,,418.0,,3.0,11.0,,414.0,7.0,,4.0,,,,,,,0.0,3.0,1.0,6.0,36.0,20.0,1.0,0.0,0.0,0.0,,,,,,,3.0,,,7.0,,,False,BMJV,352.0,0.0,0.0,2017-01-01
13,1.0,0.0,,,,90.0,,1.0,4.0,,93.0,5.0,,12.0,,,,,,,3.0,3.0,6.0,10.0,43.0,18.0,0.0,0.0,0.0,0.0,,,,,,,4.0,,,4.0,,,True,BMJV,22.0,0.0,0.0,2017-01-01
15,0.0,0.0,,,,383.0,,0.0,3.0,,362.0,5.0,,4.0,,,,,,,1.0,3.0,0.0,40.0,39.0,22.0,1.0,0.0,1.0,0.0,,,,,,,2.0,,,4.0,,,False,BMF,261.0,0.0,1.0,2017-01-01
16,1.0,69.0,,,,3591.0,,5.0,26.0,,3406.0,20.0,,771.0,,,,,,,218.0,195.0,358.0,86.0,2750.0,30.0,97.0,0.0,1.0,0.0,,,,,,,7.0,,,11.0,,,True,BMF,540.0,7.0,28.0,2017-01-01
18,0.0,1.0,,,,244.0,,3.0,4.0,,223.0,3.0,,11.0,,,,,,,5.0,4.0,2.0,19.0,60.0,10.0,3.0,0.0,2.0,2.0,,,,,,,0.0,,,1.0,,,False,BMWi,134.0,0.0,0.0,2017-01-01
19,2.0,1.0,,,,694.0,,9.0,11.0,,681.0,7.0,,40.0,,,,,,,6.0,16.0,18.0,88.0,381.0,97.0,6.0,1.0,0.0,0.0,,,,,,,5.0,,,5.0,,,True,BMWi,115.0,0.0,4.0,2017-01-01
21,0.0,0.0,,,,86.0,,1.0,4.0,,54.0,4.0,,1.0,,,,,,,0.0,1.0,0.0,15.0,20.0,6.0,1.0,0.0,0.0,1.0,,,,,,,1.0,,,3.0,,,False,BMEL,13.0,1.0,0.0,2017-01-01
22,0.0,0.0,,,,62.0,,0.0,9.0,,61.0,1.0,,25.0,,,,,,,12.0,6.0,7.0,1.0,34.0,20.0,0.0,0.0,0.0,0.0,,,,,,,1.0,,,1.0,,,True,BMEL,6.0,0.0,0.0,2017-01-01
24,5.0,0.0,,,,117.0,,3.0,6.0,,118.0,6.0,,1.0,,,,,,,0.0,1.0,0.0,19.0,54.0,12.0,3.0,0.0,1.0,0.0,,,,,,,5.0,,,0.0,,,False,BMVg,33.0,0.0,3.0,2017-01-01
25,0.0,0.0,,,,34.0,,0.0,1.0,,35.0,0.0,,4.0,,,,,,,1.0,2.0,1.0,8.0,20.0,4.0,0.0,0.0,0.0,0.0,,,,,,,0.0,,,0.0,,,True,BMVg,3.0,0.0,0.0,2017-01-01
27,1.0,0.0,,,,92.0,,0.0,2.0,,88.0,2.0,,4.0,,,,,,,0.0,2.0,2.0,15.0,36.0,8.0,0.0,0.0,0.0,0.0,,,,,,,0.0,,,1.0,,,False,BMFSFJ,29.0,0.0,0.0,2017-01-01
28,0.0,0.0,,,,22.0,,1.0,1.0,,20.0,1.0,,3.0,,,,,,,1.0,2.0,0.0,3.0,15.0,2.0,1.0,1.0,0.0,0.0,,,,,,,0.0,,,1.0,,,True,BMFSFJ,0.0,0.0,0.0,2017-01-01
30,0.0,0.0,,,,167.0,,0.0,3.0,,169.0,0.0,,5.0,,,,,,,0.0,3.0,2.0,3.0,28.0,11.0,0.0,0.0,0.0,0.0,,,,,,,0.0,,,0.0,,,False,BMG,127.0,0.0,0.0,2017-01-01
31,0.0,0.0,,,,148.0,,4.0,5.0,,123.0,4.0,,14.0,,,,,,,4.0,10.0,0.0,2.0,60.0,11.0,2.0,0.0,1.0,0.0,,,,,,,3.0,,,3.0,,,True,BMG,50.0,0.0,2.0,2017-01-01
33,2.0,0.0,,,,180.0,,1.0,5.0,,182.0,8.0,,2.0,,,,,,,0.0,2.0,0.0,6.0,12.0,11.0,0.0,0.0,0.0,0.0,,,,,,,4.0,,,5.0,,,False,BMVBS,153.0,1.0,0.0,2017-01-01
34,1.0,1.0,,,,1147.0,,4.0,814.0,,1134.0,10.0,,10.0,,,,,,,1.0,5.0,4.0,80.0,178.0,755.0,2.0,1.0,0.0,0.0,,,,,,,1.0,,,6.0,,,True,BMVBS,121.0,3.0,0.0,2017-01-01
36,1.0,0.0,,,,90.0,,0.0,1.0,,92.0,1.0,,0.0,,,,,,,0.0,0.0,0.0,4.0,47.0,1.0,0.0,0.0,0.0,0.0,,,,,,,0.0,,,0.0,,,False,BMUB,40.0,0.0,0.0,2017-01-01
37,1.0,0.0,,,,42.0,,0.0,1.0,,40.0,1.0,,0.0,,,,,,,0.0,0.0,0.0,3.0,25.0,6.0,0.0,0.0,0.0,0.0,,,,,,,0.0,,,0.0,,,True,BMUB,6.0,0.0,0.0,2017-01-01
39,0.0,0.0,,,,52.0,,0.0,0.0,,70.0,1.0,,1.0,,,,,,,1.0,0.0,0.0,3.0,31.0,4.0,0.0,0.0,0.0,0.0,,,,,,,0.0,,,0.0,,,False,BMBF,32.0,1.0,0.0,2017-01-01
40,0.0,0.0,,,,0.0,,0.0,1.0,,0.0,1.0,,0.0,,,,,,,0.0,0.0,0.0,0.0,0.0,0.0,0.0,0.0,0.0,0.0,,,,,,,0.0,,,0.0,,,True,BMBF,0.0,1.0,0.0,2017-01-01
42,0.0,0.0,,,,54.0,,0.0,1.0,,53.0,0.0,,1.0,,,,,,,0.0,1.0,0.0,1.0,39.0,3.0,0.0,0.0,0.0,0.0,,,,,,,0.0,,,0.0,,,False,BKM,10.0,0.0,0.0,2017-01-01
43,0.0,0.0,,,,10.0,,0.0,0.0,,10.0,0.0,,0.0,,,,,,,0.0,0.0,0.0,4.0,3.0,2.0,0.0,0.0,0.0,0.0,,,,,,,0.0,,,0.0,,,True,BKM,1.0,0.0,0.0,2017-01-01
45,0.0,0.0,,,,87.0,,0.0,1.0,,74.0,1.0,,4.0,,,,,,,0.0,4.0,0.0,6.0,19.0,5.0,0.0,0.0,0.0,0.0,,,,,,,0.0,,,0.0,,,False,BMZ,44.0,1.0,0.0,2017-01-01
46,0.0,0.0,,,,67.0,,1.0,0.0,,67.0,0.0,,0.0,,,,,,,0.0,0.0,0.0,3.0,23.0,0.0,0.0,0.0,0.0,0.0,,,,,,,0.0,,,0.0,,,False,BPA,41.0,0.0,0.0,2017-01-01
47,0.0,0.0,,,,52.0,,0.0,0.0,,52.0,0.0,,0.0,,,,,,,0.0,0.0,0.0,2.0,12.0,3.0,0.0,0.0,0.0,0.0,,,,,,,0.0,,,0.0,,,False,BPräsA,35.0,0.0,0.0,2017-01-01
48,0.0,0.0,,,,1982.0,,3.0,5.0,,1623.0,5.0,,0.0,,,,,,,0.0,0.0,0.0,74.0,81.0,10.0,0.0,0.0,0.0,0.0,,,,,,,3.0,,,3.0,,,False,BT,1482.0,2.0,0.0,2017-01-01
49,0.0,0.0,,,,23.0,,0.0,0.0,,24.0,0.0,,0.0,,,,,,,0.0,0.0,0.0,0.0,19.0,1.0,0.0,0.0,0.0,0.0,,,,,,,0.0,,,0.0,,,False,BR,4.0,0.0,0.0,2017-01-01
50,0.0,0.0,,,,38.0,,0.0,2.0,,37.0,1.0,,0.0,,,,,,,0.0,0.0,0.0,10.0,27.0,0.0,0.0,0.0,0.0,0.0,,,,,,,1.0,,,1.0,,,False,BBank,0.0,0.0,0.0,2017-01-01
51,0.0,0.0,,,,17.0,,0.0,0.0,,14.0,0.0,,0.0,,,,,,,0.0,0.0,0.0,3.0,2.0,4.0,0.0,0.0,0.0,0.0,,,,,,,0.0,,,0.0,,,False,BVerfG,5.0,0.0,0.0,2017-01-01
52,0.0,0.0,,,,116.0,,1.0,0.0,,94.0,0.0,,0.0,,,,,,,0.0,0.0,0.0,4.0,61.0,2.0,0.0,0.0,0.0,0.0,,,,,,,0.0,,,0.0,,,False,BfDI,27.0,0.0,0.0,2017-01-01
53,0.0,0.0,,,,5.0,,0.0,0.0,,5.0,0.0,,0.0,,,,,,,0.0,0.0,0.0,0.0,2.0,1.0,0.0,0.0,0.0,0.0,,,,,,,0.0,,,0.0,,,False,BRH,2.0,0.0,0.0,2017-01-01
0,0.0,0.0,,,2.0,20.0,0.0,,1.0,,,,2.0,5.0,0.0,,,2.0,,0.0,0.0,0.0,5.0,7.0,5.0,6.0,,0.0,0.0,0.0,,0.0,0.0,0.0,0.0,1.0,0.0,0.0,,1.0,0.0,,False,BK,0.0,0.0,0.0,2008-01-01
1,0.0,0.0,,,0.0,2.0,0.0,,0.0,,,,0.0,0.0,0.0,,,0.0,,0.0,0.0,0.0,0.0,2.0,0.0,0.0,,0.0,0.0,0.0,,0.0,0.0,0.0,0.0,0.0,0.0,0.0,,0.0,0.0,,True,BK,0.0,0.0,0.0,2008-01-01
3,0.0,0.0,,,0.0,10.0,0.0,,0.0,,,,4.0,0.0,0.0,,,0.0,,0.0,0.0,0.0,0.0,0.0,6.0,0.0,,0.0,0.0,0.0,,0.0,0.0,0.0,0.0,0.0,0.0,0.0,,0.0,0.0,,False,BMAS,0.0,0.0,0.0,2008-01-01
4,0.0,0.0,,,4.0,61.0,2.0,,5.0,,,,5.0,4.0,2.0,,,1.0,,1.0,0.0,0.0,4.0,10.0,40.0,4.0,,0.0,0.0,0.0,,0.0,0.0,0.0,0.0,2.0,0.0,1.0,,4.0,2.0,,True,BMAS,2.0,0.0,0.0,2008-01-01
6,0.0,1.0,,,7.0,132.0,6.0,,16.0,,,,6.0,14.0,2.0,,,1.0,,4.0,4.0,1.0,9.0,26.0,43.0,51.0,,0.0,4.0,0.0,,2.0,0.0,2.0,0.0,11.0,0.0,4.0,,7.0,4.0,,False,AA,6.0,1.0,1.0,2008-01-01
7,0.0,0.0,,,0.0,0.0,0.0,,0.0,,,,0.0,0.0,0.0,,,0.0,,0.0,0.0,0.0,0.0,0.0,0.0,0.0,,0.0,0.0,0.0,,0.0,0.0,0.0,0.0,0.0,0.0,0.0,,0.0,0.0,,True,AA,0.0,0.0,0.0,2008-01-01
9,0.0,0.0,,,1.0,35.0,0.0,,1.0,,,,4.0,2.0,0.0,,,1.0,,0.0,2.0,0.0,0.0,9.0,11.0,10.0,,0.0,0.0,0.0,,0.0,0.0,0.0,0.0,1.0,0.0,0.0,,1.0,0.0,,False,BMI,1.0,0.0,0.0,2008-01-01
10,0.0,0.0,,,2.0,35.0,0.0,,3.0,,,,3.0,0.0,0.0,,,2.0,,0.0,0.0,0.0,0.0,11.0,14.0,4.0,,0.0,0.0,0.0,,0.0,0.0,0.0,1.0,1.0,0.0,1.0,,2.0,0.0,,True,BMI,3.0,0.0,0.0,2008-01-01
12,0.0,0.0,,,2.0,38.0,1.0,,2.0,,,,4.0,3.0,0.0,,,0.0,,2.0,0.0,2.0,1.0,9.0,19.0,4.0,,0.0,0.0,0.0,,0.0,0.0,0.0,0.0,1.0,0.0,1.0,,1.0,1.0,,False,BMJV,2.0,0.0,0.0,2008-01-01
13,0.0,0.0,,,0.0,18.0,0.0,,3.0,,,,6.0,2.0,0.0,,,0.0,,0.0,0.0,2.0,0.0,3.0,6.0,2.0,,0.0,0.0,0.0,,0.0,0.0,0.0,0.0,0.0,0.0,3.0,,0.0,0.0,,True,BMJV,1.0,0.0,0.0,2008-01-01
15,1.0,0.0,,,0.0,29.0,0.0,,2.0,,,,1.0,1.0,0.0,,,0.0,,0.0,0.0,0.0,1.0,14.0,12.0,0.0,,0.0,0.0,0.0,,0.0,0.0,0.0,0.0,0.0,0.0,1.0,,0.0,0.0,,False,BMF,2.0,0.0,0.0,2008-01-01
16,0.0,0.0,,,4.0,464.0,11.0,,27.0,,,,19.0,10.0,1.0,,,3.0,,0.0,3.0,5.0,2.0,368.0,42.0,29.0,,2.0,8.0,0.0,,0.0,0.0,0.0,0.0,8.0,0.0,14.0,,4.0,9.0,,True,BMF,6.0,1.0,0.0,2008-01-01
18,0.0,0.0,,,1.0,18.0,0.0,,1.0,,,,2.0,3.0,0.0,,,1.0,,0.0,1.0,0.0,2.0,5.0,5.0,4.0,,0.0,0.0,0.0,,0.0,0.0,0.0,0.0,1.0,0.0,0.0,,1.0,0.0,,False,BMWi,2.0,0.0,0.0,2008-01-01
19,0.0,0.0,,,8.0,160.0,0.0,,4.0,,,,3.0,12.0,1.0,,,4.0,,3.0,2.0,9.0,1.0,7.0,135.0,7.0,,0.0,0.0,0.0,,0.0,0.0,0.0,0.0,0.0,1.0,2.0,,2.0,0.0,,True,BMWi,8.0,0.0,0.0,2008-01-01
21,0.0,0.0,,,0.0,7.0,0.0,,0.0,,,,1.0,3.0,0.0,,,0.0,,0.0,0.0,1.0,2.0,0.0,5.0,1.0,,0.0,0.0,0.0,,0.0,0.0,0.0,0.0,0.0,0.0,0.0,,0.0,0.0,,False,BMEL,0.0,0.0,0.0,2008-01-01
22,0.0,0.0,,,4.0,32.0,0.0,,1.0,,,,6.0,9.0,1.0,,,2.0,,1.0,2.0,4.0,3.0,4.0,18.0,1.0,,0.0,0.0,0.0,,0.0,0.0,0.0,0.0,0.0,0.0,1.0,,0.0,0.0,,True,BMEL,3.0,0.0,0.0,2008-01-01
24,0.0,0.0,,,0.0,9.0,1.0,,1.0,,,,0.0,1.0,0.0,,,0.0,,0.0,0.0,0.0,1.0,1.0,4.0,2.0,,0.0,1.0,0.0,,0.0,0.0,0.0,0.0,0.0,0.0,0.0,,0.0,1.0,,False,BMVg,2.0,0.0,0.0,2008-01-01
25,0.0,0.0,,,2.0,4.0,1.0,,3.0,,,,0.0,2.0,0.0,,,0.0,,2.0,0.0,0.0,2.0,2.0,2.0,0.0,,0.0,0.0,0.0,,0.0,0.0,0.0,0.0,0.0,0.0,2.0,,1.0,1.0,,True,BMVg,0.0,0.0,0.0,2008-01-01
27,0.0,0.0,,,1.0,11.0,0.0,,1.0,,,,1.0,1.0,1.0,,,0.0,,0.0,0.0,0.0,1.0,1.0,8.0,1.0,,0.0,1.0,0.0,,0.0,0.0,0.0,0.0,1.0,0.0,0.0,,0.0,0.0,,False,BMFSFJ,0.0,0.0,0.0,2008-01-01
28,0.0,0.0,,,0.0,3.0,0.0,,0.0,,,,0.0,0.0,0.0,,,0.0,,0.0,0.0,0.0,0.0,0.0,3.0,0.0,,0.0,0.0,0.0,,0.0,0.0,0.0,0.0,0.0,0.0,0.0,,0.0,0.0,,True,BMFSFJ,0.0,0.0,0.0,2008-01-01
30,0.0,0.0,,,2.0,12.0,1.0,,1.0,,,,1.0,2.0,0.0,,,1.0,,1.0,1.0,1.0,0.0,3.0,3.0,5.0,,0.0,1.0,0.0,,0.0,0.0,0.0,0.0,0.0,0.0,0.0,,0.0,1.0,,False,BMG,0.0,0.0,0.0,2008-01-01
31,0.0,0.0,,,9.0,254.0,2.0,,1.0,,,,20.0,13.0,2.0,,,0.0,,7.0,2.0,11.0,0.0,41.0,116.0,45.0,,0.0,0.0,0.0,,0.0,0.0,0.0,0.0,0.0,0.0,1.0,,0.0,1.0,,True,BMG,32.0,0.0,1.0,2008-01-01
33,1.0,0.0,,,5.0,34.0,1.0,,8.0,,,,10.0,6.0,2.0,,,1.0,,2.0,1.0,3.0,2.0,4.0,12.0,4.0,,0.0,1.0,0.0,,0.0,0.0,0.0,0.0,0.0,0.0,4.0,,1.0,1.0,,False,BMVBS,4.0,1.0,0.0,2008-01-01
34,1.0,0.0,,,4.0,121.0,0.0,,2.0,,,,3.0,8.0,0.0,,,2.0,,2.0,2.0,5.0,1.0,6.0,91.0,8.0,,0.0,0.0,0.0,,0.0,0.0,0.0,0.0,0.0,0.0,1.0,,0.0,0.0,,True,BMVBS,13.0,0.0,0.0,2008-01-01
36,0.0,0.0,,,0.0,0.0,0.0,,0.0,,,,0.0,0.0,0.0,,,0.0,,0.0,0.0,0.0,0.0,0.0,0.0,0.0,,0.0,0.0,0.0,,0.0,0.0,0.0,0.0,0.0,0.0,0.0,,0.0,0.0,,False,BMUB,0.0,0.0,0.0,2008-01-01
37,0.0,0.0,,,0.0,1.0,0.0,,0.0,,,,1.0,0.0,0.0,,,0.0,,0.0,0.0,0.0,0.0,0.0,0.0,0.0,,0.0,0.0,0.0,,0.0,0.0,0.0,0.0,0.0,0.0,0.0,,0.0,0.0,,True,BMUB,0.0,0.0,0.0,2008-01-01
39,0.0,0.0,,,3.0,11.0,0.0,,0.0,,,,3.0,5.0,0.0,,,0.0,,3.0,3.0,2.0,0.0,0.0,2.0,5.0,,0.0,0.0,0.0,,0.0,0.0,0.0,0.0,0.0,0.0,0.0,,0.0,0.0,,False,BMBF,1.0,0.0,0.0,2008-01-01
40,0.0,0.0,,,0.0,0.0,0.0,,0.0,,,,0.0,0.0,0.0,,,0.0,,0.0,0.0,0.0,0.0,0.0,0.0,0.0,,0.0,0.0,0.0,,0.0,0.0,0.0,0.0,0.0,0.0,0.0,,0.0,0.0,,True,BMBF,0.0,0.0,0.0,2008-01-01
42,0.0,0.0,,,0.0,16.0,1.0,,2.0,,,,3.0,0.0,0.0,,,0.0,,0.0,0.0,0.0,0.0,3.0,9.0,0.0,,0.0,0.0,0.0,,0.0,0.0,0.0,0.0,0.0,1.0,1.0,,1.0,1.0,,False,BMZ,1.0,0.0,0.0,2008-01-01
43,0.0,0.0,,,0.0,4.0,0.0,,0.0,,,,2.0,0.0,0.0,,,0.0,,0.0,0.0,0.0,0.0,0.0,2.0,0.0,,0.0,0.0,0.0,,0.0,0.0,0.0,0.0,0.0,0.0,0.0,,0.0,0.0,,False,BKM,0.0,0.0,0.0,2008-01-01
44,0.0,0.0,,,2.0,5.0,0.0,,0.0,,,,0.0,3.0,2.0,,,0.0,,0.0,1.0,0.0,2.0,0.0,3.0,0.0,,0.0,0.0,0.0,,0.0,0.0,0.0,0.0,0.0,0.0,0.0,,0.0,0.0,,True,BKM,2.0,0.0,0.0,2008-01-01
46,0.0,0.0,,,0.0,2.0,0.0,,0.0,,,,0.0,0.0,0.0,,,0.0,,0.0,0.0,0.0,0.0,0.0,2.0,0.0,,0.0,0.0,0.0,,0.0,0.0,0.0,0.0,0.0,0.0,0.0,,0.0,0.0,,False,BPA,0.0,0.0,0.0,2008-01-01
0,0.0,0.0,,,0.0,2.0,0.0,,0.0,,,,0.0,0.0,0.0,,,0.0,,0.0,0.0,0.0,0.0,2.0,0.0,0.0,,0.0,0.0,0.0,,0.0,0.0,0.0,0.0,0.0,0.0,0.0,,0.0,0.0,,True,BK,0.0,0.0,0.0,2009-01-01
2,0.0,0.0,,,0.0,13.0,0.0,,0.0,,,,1.0,1.0,0.0,,,0.0,,0.0,0.0,1.0,0.0,5.0,7.0,0.0,,0.0,0.0,0.0,,0.0,0.0,0.0,0.0,0.0,0.0,0.0,,0.0,0.0,,False,BMAS,0.0,0.0,0.0,2009-01-01
3,0.0,0.0,,,7.0,71.0,5.0,,15.0,,,,6.0,6.0,2.0,,,2.0,,3.0,0.0,0.0,6.0,25.0,20.0,11.0,,0.0,0.0,0.0,,0.0,0.0,0.0,1.0,0.0,0.0,4.0,,9.0,5.0,,True,BMAS,9.0,2.0,0.0,2009-01-01
5,1.0,0.0,,,3.0,139.0,1.0,,16.0,,,,6.0,16.0,1.0,,,0.0,,2.0,2.0,0.0,14.0,16.0,54.0,44.0,,0.0,0.0,0.0,,5.0,0.0,0.0,0.0,5.0,0.0,2.0,,13.0,1.0,,False,AA,19.0,0.0,0.0,2009-01-01
6,0.0,0.0,,,0.0,0.0,0.0,,0.0,,,,0.0,0.0,0.0,,,0.0,,0.0,0.0,0.0,0.0,0.0,0.0,0.0,,0.0,0.0,0.0,,0.0,0.0,0.0,0.0,0.0,0.0,0.0,,0.0,0.0,,True,AA,0.0,0.0,0.0,2009-01-01
8,0.0,0.0,,,2.0,44.0,0.0,,5.0,,,,2.0,4.0,0.0,,,1.0,,1.0,1.0,3.0,0.0,7.0,19.0,9.0,,0.0,2.0,0.0,,0.0,0.0,0.0,0.0,1.0,0.0,2.0,,1.0,0.0,,False,BMI,7.0,0.0,0.0,2009-01-01
9,0.0,0.0,,,1.0,45.0,1.0,,2.0,,,,2.0,1.0,0.0,,,1.0,,0.0,0.0,1.0,0.0,11.0,10.0,3.0,,0.0,0.0,0.0,,0.0,1.0,0.0,0.0,1.0,0.0,0.0,,2.0,1.0,,True,BMI,19.0,0.0,0.0,2009-01-01
11,1.0,0.0,,,0.0,35.0,0.0,,4.0,,,,4.0,4.0,0.0,,,1.0,,0.0,1.0,1.0,2.0,7.0,23.0,0.0,,0.0,0.0,0.0,,0.0,0.0,0.0,0.0,0.0,0.0,2.0,,0.0,0.0,,False,BMJV,1.0,1.0,0.0,2009-01-01
12,0.0,0.0,,,0.0,11.0,0.0,,2.0,,,,2.0,0.0,0.0,,,0.0,,0.0,0.0,0.0,0.0,3.0,3.0,1.0,,0.0,0.0,0.0,,0.0,0.0,0.0,0.0,2.0,0.0,0.0,,2.0,0.0,,True,BMJV,2.0,0.0,0.0,2009-01-01
14,0.0,0.0,,,0.0,38.0,0.0,,0.0,,,,3.0,2.0,0.0,,,0.0,,0.0,1.0,0.0,1.0,2.0,13.0,5.0,,0.0,0.0,0.0,,0.0,0.0,0.0,0.0,0.0,0.0,0.0,,0.0,0.0,,False,BMF,15.0,0.0,0.0,2009-01-01
15,1.0,6.0,,,7.0,257.0,20.0,,43.0,,,,85.0,10.0,0.0,,,5.0,,2.0,3.0,1.0,6.0,61.0,55.0,31.0,,1.0,0.0,0.0,,0.0,0.0,0.0,0.0,0.0,0.0,16.0,,18.0,11.0,,True,BMF,23.0,8.0,2.0,2009-01-01
17,0.0,0.0,,,1.0,26.0,0.0,,0.0,,,,3.0,2.0,0.0,,,1.0,,0.0,0.0,1.0,1.0,5.0,11.0,2.0,,0.0,0.0,0.0,,0.0,0.0,0.0,0.0,0.0,0.0,0.0,,0.0,0.0,,False,BMWi,5.0,0.0,0.0,2009-01-01
18,0.0,0.0,,,3.0,71.0,2.0,,5.0,,,,1.0,10.0,2.0,,,0.0,,1.0,3.0,4.0,3.0,7.0,39.0,15.0,,0.0,0.0,0.0,,1.0,1.0,0.0,0.0,2.0,1.0,0.0,,5.0,2.0,,True,BMWi,9.0,0.0,0.0,2009-01-01
20,0.0,0.0,,,2.0,13.0,4.0,,6.0,,,,1.0,4.0,1.0,,,1.0,,0.0,1.0,1.0,2.0,1.0,6.0,5.0,,0.0,0.0,0.0,,0.0,0.0,0.0,0.0,1.0,0.0,1.0,,5.0,4.0,,False,BMEL,0.0,0.0,0.0,2009-01-01
21,0.0,0.0,,,5.0,58.0,2.0,,4.0,,,,8.0,11.0,1.0,,,2.0,,2.0,5.0,2.0,4.0,5.0,36.0,1.0,,0.0,0.0,0.0,,0.0,0.0,0.0,0.0,0.0,0.0,1.0,,3.0,2.0,,True,BMEL,8.0,0.0,0.0,2009-01-01
23,0.0,0.0,,,0.0,9.0,0.0,,0.0,,,,1.0,1.0,0.0,,,0.0,,0.0,0.0,0.0,1.0,1.0,1.0,0.0,,0.0,0.0,0.0,,0.0,0.0,0.0,0.0,0.0,0.0,0.0,,0.0,0.0,,False,BMVg,6.0,0.0,0.0,2009-01-01
24,0.0,0.0,,,2.0,19.0,2.0,,2.0,,,,3.0,2.0,0.0,,,1.0,,1.0,0.0,1.0,1.0,6.0,8.0,1.0,,0.0,0.0,0.0,,0.0,0.0,0.0,0.0,0.0,2.0,0.0,,2.0,2.0,,True,BMVg,1.0,0.0,0.0,2009-01-01
26,1.0,0.0,,,0.0,10.0,0.0,,1.0,,,,0.0,0.0,0.0,,,0.0,,0.0,0.0,0.0,0.0,4.0,5.0,0.0,,0.0,0.0,0.0,,0.0,0.0,0.0,0.0,0.0,0.0,0.0,,0.0,0.0,,False,BMFSFJ,1.0,0.0,0.0,2009-01-01
27,0.0,0.0,,,3.0,33.0,0.0,,0.0,,,,1.0,3.0,0.0,,,0.0,,3.0,1.0,1.0,1.0,3.0,22.0,1.0,,0.0,0.0,0.0,,0.0,0.0,0.0,0.0,0.0,0.0,0.0,,0.0,0.0,,True,BMFSFJ,6.0,0.0,0.0,2009-01-01
29,0.0,0.0,,,0.0,15.0,0.0,,2.0,,,,0.0,0.0,0.0,,,0.0,,0.0,0.0,0.0,0.0,2.0,8.0,2.0,,0.0,0.0,0.0,,0.0,0.0,0.0,0.0,0.0,0.0,1.0,,1.0,0.0,,False,BMG,3.0,0.0,0.0,2009-01-01
30,0.0,0.0,,,9.0,236.0,0.0,,3.0,,,,14.0,12.0,2.0,,,2.0,,5.0,2.0,10.0,0.0,38.0,139.0,27.0,,0.0,0.0,0.0,,0.0,0.0,0.0,0.0,0.0,2.0,1.0,,2.0,0.0,,True,BMG,18.0,0.0,0.0,2009-01-01
32,0.0,0.0,,,2.0,50.0,0.0,,2.0,,,,9.0,2.0,2.0,,,0.0,,0.0,1.0,0.0,1.0,8.0,17.0,11.0,,0.0,0.0,0.0,,0.0,0.0,0.0,0.0,0.0,0.0,2.0,,0.0,0.0,,False,BMVBS,5.0,0.0,0.0,2009-01-01
33,1.0,0.0,,,10.0,121.0,0.0,,3.0,,,,9.0,15.0,2.0,,,3.0,,5.0,4.0,3.0,8.0,4.0,84.0,5.0,,0.0,0.0,0.0,,7.0,1.0,0.0,1.0,0.0,0.0,1.0,,0.0,0.0,,True,BMVBS,19.0,1.0,0.0,2009-01-01
35,0.0,0.0,,,0.0,3.0,0.0,,0.0,,,,0.0,0.0,0.0,,,0.0,,0.0,0.0,0.0,0.0,0.0,2.0,0.0,,0.0,0.0,0.0,,0.0,0.0,0.0,0.0,0.0,0.0,0.0,,0.0,0.0,,False,BMUB,1.0,0.0,0.0,2009-01-01
36,0.0,0.0,,,0.0,2.0,0.0,,0.0,,,,0.0,2.0,0.0,,,0.0,,0.0,0.0,1.0,1.0,0.0,1.0,1.0,,0.0,0.0,0.0,,0.0,0.0,0.0,0.0,0.0,0.0,0.0,,0.0,0.0,,True,BMUB,0.0,0.0,0.0,2009-01-01
38,0.0,0.0,,,0.0,10.0,0.0,,1.0,,,,1.0,0.0,0.0,,,0.0,,0.0,0.0,0.0,0.0,2.0,5.0,2.0,,0.0,0.0,0.0,,0.0,0.0,0.0,0.0,0.0,0.0,1.0,,0.0,0.0,,False,BMBF,0.0,0.0,0.0,2009-01-01
39,0.0,0.0,,,0.0,0.0,0.0,,0.0,,,,0.0,0.0,0.0,,,0.0,,0.0,0.0,0.0,0.0,0.0,0.0,0.0,,0.0,0.0,0.0,,0.0,0.0,0.0,0.0,0.0,0.0,0.0,,0.0,0.0,,True,BMBF,0.0,0.0,0.0,2009-01-01
41,0.0,0.0,,,0.0,3.0,0.0,,0.0,,,,0.0,0.0,0.0,,,0.0,,0.0,0.0,0.0,0.0,0.0,3.0,0.0,,0.0,0.0,0.0,,0.0,0.0,0.0,0.0,0.0,0.0,0.0,,0.0,0.0,,False,BMZ,0.0,0.0,0.0,2009-01-01
42,0.0,0.0,,,0.0,4.0,0.0,,0.0,,,,2.0,0.0,0.0,,,0.0,,0.0,0.0,0.0,0.0,0.0,1.0,1.0,,0.0,0.0,0.0,,0.0,0.0,0.0,0.0,0.0,0.0,0.0,,0.0,0.0,,False,BKM,0.0,0.0,0.0,2009-01-01
43,0.0,0.0,,,2.0,6.0,0.0,,0.0,,,,2.0,2.0,1.0,,,0.0,,1.0,1.0,0.0,1.0,0.0,2.0,1.0,,0.0,0.0,0.0,,0.0,0.0,0.0,0.0,0.0,0.0,0.0,,0.0,0.0,,True,BKM,1.0,0.0,0.0,2009-01-01
45,0.0,0.0,,,0.0,0.0,0.0,,0.0,,,,0.0,0.0,0.0,,,0.0,,0.0,0.0,0.0,0.0,0.0,0.0,0.0,,0.0,0.0,0.0,,0.0,0.0,0.0,0.0,0.0,0.0,0.0,,0.0,0.0,,False,BPA,0.0,0.0,0.0,2009-01-01
